flow_id,agency_id,version,flow_name,flow_description,dsd_ref
AEA,IMF.STA,7.0.0,Air Emissions Accounts (AEA),"Annual and quarterly greenhouse gas emissions by activity and by country and region.  Regional estimates are presented by industry and household for four gases - carbon dioxide, methane, nitrous oxide, and F-gases. The F-gases constitute of hydrofluorocarbons, perfluorocarbons, sulfur hexafluoride and nitrogen trifluoride. Emissions are presented in Million metric tons of CO2 equivalent (MTCO2e).",DSD_AEA
AFRREO,IMF.AFR,7.0.0,Sub-Saharan Africa Regional Economic Outlook (AFRREO),"Sub-Saharan Africa Regional Economic Outlook (REO) provides information on recent economic developments and prospects for countries in sub-Saharan Africa. Data for the REO for sub-Saharan Africa are prepared in conjunction with the semi-annual World Economic Outlook (WEO) exercises, spring and fall.",DSD_AFRREO
AFRREO_2025_OCT_VINTAGE,IMF.AFR,1.0.0,Sub-Saharan Africa Regional Economic Outlook (AFRREO) 2025 October,Sub-Saharan Africa Regional Economic Outlook (AFRREO) 2025 October,DSD_AFRREO_VINTAGE
ANEA,IMF.STA,6.0.1,"National Economic Accounts (NEA), Annual Data","This dataset presents national, official estimates of annual expenditure-based Gross Domestic Product (GDP), by economy.   Estimates are presented in nominal terms (current prices) and volume terms (with the effect of price changes removed). ",DSD_ANEA
ANEA_2026_APR_VINTAGE,IMF.STA,1.0.0,"National Economic Accounts (NEA), Annual Data 2026 April","National Economic Accounts (NEA), Annual Data 2026 April",DSD_ANEA_VINTAGE
ANEA_2026_FEB_VINTAGE,IMF.STA,1.0.0,"National Economic Accounts (NEA), Annual Data 2026 February","National Economic Accounts (NEA), Annual Data 2026 February",DSD_ANEA_VINTAGE
ANEA_2026_JAN_VINTAGE,IMF.STA,1.0.0,"National Economic Accounts (NEA), Annual Data 2026 January","National Economic Accounts (NEA), Annual Data 2026 January",DSD_ANEA_VINTAGE
APDREO,IMF.APD,6.0.0,Asia and Pacific Regional Economic Outlook (APDREO),"APD Regional Economic Outlook (REO) provides information on recent economic developments and prospects for countries in Asia and the Pacific. Data for the REO for Asia and Pacific is prepared in conjunction with the semi-annual World Economic Outlook (WEO) exercises, spring and fall. Data are consistent with the projections underlying the WEO. REO aggregate data may differ from WEO aggregates due to differences in group membership. Composite data for country groups are weighted averages of data for individual countries. Arithmetic weighted averages are used for all concepts except for inflation and broad money, for which geometric averages are used. PPP GDP weights from the WEO database are used for the aggregation of real GDP growth, real non-oil GDP growth, real per capita GDP growth, investment, national savings, broad money, claims on the nonfinancial private sector, and real and nominal effective exchange rates. Aggregates for other concepts are weighted by GDP in U.S. dollars at market exchange rates.",DSD_APDREO
APDREO_2025_OCT_VINTAGE,IMF.APD,1.0.0,Asia and Pacific Regional Economic Outlook (APDREO) 2025 October,Asia and Pacific Regional Economic Outlook (APDREO) 2025 October,DSD_APDREO_VINTAGE
BOP,IMF.STA,21.0.0,Balance of Payments (BOP),"The Balance of Payments (BOP) is a statistical statement that summarizes transactions between residents and nonresidents during a period. It consists of the goods and services account, the primary income account, the secondary income account, the capital account, and the financial account.",DSD_BOP
BOP_2026_APR_VINTAGE,IMF.STA,1.0.0,Balance of Payments (BOP) 2026 April,Balance of Payments (BOP) 2026 April,DSD_BOP_VINTAGE
BOP_2026_FEB_VINTAGE,IMF.STA,1.0.0,Balance of Payments (BOP) 2026 February,Balance of Payments (BOP) 2026 February,DSD_BOP_VINTAGE
BOP_2026_JAN_VINTAGE,IMF.STA,1.0.0,Balance of Payments (BOP) 2026 January,Balance of Payments (BOP) 2026 January,DSD_BOP_VINTAGE
BOP_AGG,IMF.STA,9.0.1,"Balance of Payments and International Investment Position Statistics (BOP/IIP), World and Country Group Aggregates","The World and Country Group Aggregates (historically called BOPSY) is an annual publication, released each November, of major balance of payments and international investment position components for countries, country groups, and the world.",DSD_BOP_AGG
CCI,IMF.STA,4.0.1,Climate Change Indicators,"This dataset provides information on global climate and weather patterns, providing insights into temperature variations, land cover accounts, and shifts in mean sea levels.",DSD_CCI
CFBL,IMF.STA,1.0.3,Carbon Footprint of Bank Loans,"This dataset is designed to measure the carbon footprint of bank loans, which is a crucial component for understanding the environmental impact of financial portfolios. Bank loans provide finance to industries with varying degrees of carbon intensities. The footprint of bank loans contributes to the disclosure of the carbon intensity of the loans portfolio. ",DSD_CFBL
CO2E,IMF.STA,2.0.1,"CO2 emissions embodied in domestic final demand, production, and trade (CO2E)","This dataset provides annual, country-level estimates of carbon dioxide (CO2) emissions resulting from fuel combustion, which are embodied in domestic final demand, production, and trade. The data covers a substantial period, with estimates for emissions embodied in production and final demand available for 66 countries from 1995 to 2018. Additionally, the dataset includes annual country-level estimates for CO2 emissions embodied in gross exports and gross imports for the same 66 countries, extending to the years 1995 to 2020. All emissions are measured in million tons of CO2 equivalent (MtCO2 eq.). The compilation relies on several authoritative sources; specifically, the total value of merchandise exports and imports is taken from the Direction of Trade Statistics (DOTS). Furthermore, the CO2 emissions embodied in international trade are derived from the OECD's 2021 compilation of indicators on Carbon dioxide emissions embodied in international trade, which itself is a product of combining the Input-Output Database and the Trade in embodied CO2 (TeCO2) Database. ",DSD_CO2E
CO2EEIEM,IMF.STA,2.0.2,Carbon Emission Per Unit of Output (CO2EEIEM),"This dataset provides annual estimates of carbon dioxide (CO2) emissions for 66 countries across 45 industries from 1995 to 2018. It details both aggregate emissions and emissions intensity, specifically direct and indirect CO2 emissions per unit of output. The data is structured to allow for analysis of emission trends by country, industry, and a combination of both. CO2 emissions from fuel consumption are in millions of metric tons of CO2. CO2 emissions intensities are in metric tons of CO2 emissions per $1 million USD of output. CO2 emissions multipliers are in metric tons of CO2 emissions per $1 million USD of output.",DSD_CO2EEIEM
COFER,IMF.STA,7.0.1,Currency Composition of Official Foreign Exchange Reserves (COFER),"The Currency Composition of Official Foreign Exchange Reserves (COFER) dataset includes the world total of official foreign exchange reserves by currency. The currencies identified are: U.S. dollar, Euro, Chinese renminbi, Japanese yen, Pounds sterling, Australian dollar, Canadian dollar, and Swiss francs, and “Other currencies”.   Foreign exchange reserves data reported to COFER are consistent with the ""other reserve assets"" classification of reserve assets as outlined in the seventh edition of the IMF's Balance of Payments and International Investment Position Manual (BPM7). They are reserve assets other than Monetary gold, Special Drawing Rights (SDRs), and Reserve position in the IMF; and consist of the monetary authorities' claims on nonresidents in the form of: Currency and deposits, Securities, Financial derivatives, and Other claims.   The IMF’s Statistics Department conducts the COFER survey quarterly. COFER data are reported to the IMF voluntarily; data for individual countries are kept strictly confidential. Data are reported to the IMF in U.S. dollars, converted using end-of-period market exchange rates. At present there are 147 reporters, consisting of the monetary authorities of IMF member countries and non-IMF member countries/economies and of other foreign exchange reserves holding entities. COFER includes a list of the economies that agreed to disclose their participation. SDDS Plus adherents are required to participate in the COFER database and to disclose their participation.",DSD_COFER
COFER_2025_OCT_VINTAGE,IMF.STA,1.0.0,Currency Composition of Official Foreign Exchange Reserves (COFER) 2025 October,Currency Composition of Official Foreign Exchange Reserves (COFER) 2025 October,DSD_COFER_VINTAGE
CPI,IMF.STA,5.0.0,Consumer Price Index (CPI),"The Consumer Price Index (CPI) dataset includes the national consumer price indexes by economy. In addition to the all items, headline index, detailed indexes by Division (e.g. Food and Non-alcoholic beverages, Clothing, etc.), their associated weights, and contributions to national annual inflation are published where available. In addition to the national CPIs, the CPI dataset includes the Harmonised Indices of Consumer Prices (HICPs) compiled by Eurostat for Europe. Consumer price indexes measure the relative changes over time in the prices of goods and services purchased by households, which households use directly, or indirectly, to satisfy their own needs and wants.",DSD_CPI
CPI_2026_APR_VINTAGE,IMF.STA,1.0.0,Consumer Price Index (CPI) 2026 April,Consumer Price Index (CPI) 2026 April,DSD_CPI_VINTAGE
CPI_2026_FEB_VINTAGE,IMF.STA,2.0.0,Consumer Price Index (CPI) 2026 February,Consumer Price Index (CPI) 2026 February,DSD_CPI_VINTAGE
CPI_2026_JAN_VINTAGE,IMF.STA,1.0.0,Consumer Price Index (CPI) 2026 January,Consumer Price Index (CPI) 2026 January,DSD_CPI_VINTAGE
CPI_WCA,IMF.STA,3.0.0,"Consumer Price Index (CPI), World and Country Aggregates (CPI_WCA)","This dataset provides monthly price indexes at world and country aggregate levels, based on published national CPIs all-item indexes. For monthly indexes the transformation type “period average” indicated in the metadata is not applicable: the values are recorded for the period itself, not averaged across it",DSD_CPI_WCA
CPI_WCA_2026_APR_VINTAGE,IMF.STA,1.0.0,"Consumer Price Index (CPI), World and Country Aggregates (CPI_WCA) 2026 April","Consumer Price Index (CPI), World and Country Aggregates (CPI_WCA) 2026 April",DSD_CPI_WCA_VINTAGE
CPI_WCA_2026_FEB_VINTAGE,IMF.STA,1.0.0,"Consumer Price Index (CPI), World and Country Aggregates (CPI_WCA) 2026 February ","Consumer Price Index (CPI), World and Country Aggregates (CPI_WCA) 2026 February ",DSD_CPI_WCA_VINTAGE
CPI_WCA_2026_JAN_VINTAGE,IMF.STA,1.0.0,"Consumer Price Index (CPI), World and Country Aggregates (CPI_WCA) 2026 January","Consumer Price Index (CPI), World and Country Aggregates (CPI_WCA) 2026 January",DSD_CPI_WCA_VINTAGE
CRBRATE,IMF.STA,2.0.2,Carbon Rates,"This dataset provides information on the Effective Carbon Rate (ECR), which represents the combined value of fuel excise taxes, carbon taxes, and tradeable permits that place a price on carbon emissions. It also includes data on the Net ECR, calculated by subtracting fossil fuel subsidies that lower pre-tax fossil fuel prices from the ECR.",DSD_CRBRATE
CTOT,IMF.RES,5.0.1,Commodity Terms of Trade (CTOT),"CTOT is a comprehensive database of country-specific commodity price indices for 182 economies covering the period from 1962 onwards. For each country, the change in the international price of up to 45 individual commodities is weighted using commodity-level trade data. The database includes a commodity terms-of-trade index—which proxies the windfall gains and losses of income associated with changes in world prices—as well as additional country-specific series, including commodity export and import price indices. It includes indices that are constructed using, alternatively, fixed weights (based on average trade flows over several decades) and time-varying weights (which can account for time variation in the mix of commodities traded and the overall importance of commodities in economic activity)",DSD_CTOT
DIP,IMF.STA,12.0.1,Direct Investment Positions by Counterpart Economy (formerly CDIS),"The Direct Investment Positions by Counterpart Economy dataset is based on information collected through an IMF-led global initiative on direct investment positions statistics (the Coordinated Direct Investment Survey, or CDIS). The purpose of this initiative is to enhance the quality and availability of direct investment position statistics by immediate counterpart economy and to support the objective of developing from-whom-to-whom cross-border data on direct investment positions.   The DIP dataset includes (i) inward foreign direct investment positions by instrument (equity or debt) and by economy of immediate investor and (ii) outward direct investment positions by instrument (equity or debt) and by economy of immediate investment. In most instances the database contains separate data on net equity and net debt positions, as well as separate data on financial companies and fellow enterprises.   The DIP dataset also includes mirror data which show values for the corresponding indicators as derived from data reported by the counterpart economies (referred to as data derived using counterparty information). These data can offer insights into inward and outward positions for economies that do not participate in the CDIS and/or do not collect direct investment positions by country or in total. For economies that do participate, these data can be used to cross-check and verify estimates and may help identify data gaps or errors at the counterpart economy level.",DSD_DIP
ECFIE,IMF.RES,2.0.3,Earnings-Calls-based Firm Inflation Expectations (ECFIE),"The Earnings-Calls-based Firm Inflation Expectations (ECFIE) index is a proxy for firms’ near-term inflation expectations, constructed through text analysis of earnings call transcripts from publicly listed companies. In addition to ECFIE, the dataset includes: a firms inflation expectations disagreement indicator, defined as the cross-firm variance of ECFIE within each country; and Mapped Earnings-Calls-based Firm Inflation Expectations  (MECFIE), a transformed version of the ECFIE mapped into percentage-change units, which maps the index into the same units as inflation expectations. A detailed description of the methodology, validation, and benchmarking is provided in the methodology note linked below. Suggested citation: Albrizio, S., Dizioli, A., and Simon, P. (2023). Mining the Gap: Extracting Firms’ Inflation Expectations from Earnings Calls. IMF Working Paper No. 2023/202. International Monetary Fund.",DSD_ECFIE
ED,IMF.RES,1.0.0,Export Diversification (ED),"Covers 200 countries with data from 1962 to 2014. It has three main indicators: the Export Diversification Index, which can be disaggregated into sub-indices covering the Extensive Margin and the Intensive Margin. As these are Theil indices, higher values for all three correspond to lower export diversification.",DSD_ED
EER,IMF.STA,6.0.0,Effective Exchange Rate (EER),"The Effective Exchange Rate (EER) dataset includes annual, quarterly and monthly nominal and real effective exchange rates by economy.  Nominal effective exchange rates (NEERs) measure the value of a country's currency in relation to a weighted average of the currency values of their major trading partners. Real effective exchange rates (REERs) adjust the NEER to account for a country's inflation rate in relation to the weighted inflation rate of their major trading partners. 

The IMF publishes NEERs and REERs for approximately 90 IMF member countries that account for the vast share of global international trade. These statistics help policymakers and analysts assess the competitiveness of a country's exports, monitor currency trends, evaluate the impact of exchange rate changes on trade flows, and inform decisions regarding monetary policy, exchange rate management, and international trade. 

The EERs are calculated by IMF staff using exchange rate information, consumer price indexes received from national authorities and international trade weights. These weights are calculated as three-year averages of annual data available from official sources on trade, tourism and manufacturing collected from the United Nations (UN), Organization for Economic Co-operation and Development (OECD), World Bank, World Tourism Organization (UNWTO), United Nations Industrial Development Organization (UNIDO).",DSD_EER
EER_2026_APR_VINTAGE,IMF.STA,1.0.0,Effective Exchange Rates (ER) 2026 April,Effective Exchange Rates (ER) 2026 April,DSD_EER_VINTAGE
EER_2026_FEB_VINTAGE,IMF.STA,1.0.0,Effective Exchange Rates (ER) 2026 February,Effective Exchange Rates (ER) 2026 February,DSD_EER_VINTAGE
EER_2026_JAN_VINTAGE,IMF.STA,1.0.0,Effective Exchange Rates (ER) 2026 January,Effective Exchange Rates (ER) 2026 January,DSD_EER_VINTAGE
EER_INPUTS_2026_APR_VINTAGE,IMF.STA,1.0.0,"Effective Exchange Rates (EER), Inputs 2026 April","Effective Exchange Rates (EER), Inputs 2026 April",DSD_EER_VINTAGE
ENVTX,IMF.STA,1.0.2,Environmental Taxes,"This dataset tracks government revenue from taxes imposed on activities that negatively impact the environment. These taxes are categorized into four types: energy taxes (including fuel for transport), transport taxes (excluding fuel for transport), pollution taxes, and resource taxes.",DSD_ENVTX
EQ,IMF.RES,2.0.0,Export Quality (EQ),"This dataset provides export quality indicators for over 800 products across 166 countries from 1963 to 2014, resulting in over 1.7 million observations.  Higher index values indicate higher quality, and the index is normalized with a value of 1 representing the 90th percentile of export quality among all exporters (the world frontier). Data can be aggregated at various levels, including by product according to the Standard International Trade Classification (SITC) up to the 4-digit level, by Broad Economic Categories (BEC) up to the 3-digit level, and by aggregate sectors such as Agriculture, Commodities, and Manufactures.",DSD_EQ
ER,IMF.STA,4.0.1,Exchange Rates (ER),"This dataset contains historical exchange rate data between the US Dollar, Special Drawing Rights (SDR), Euro, and various national currencies. It includes both period average and end-of-period exchange rates.",DSD_ER_PUB
ER_2026_APR_VINTAGE,IMF.STA,1.0.0,Exchange Rates (ER) 2026 April,Exchange Rates (ER) 2026 April,DSD_ER_PUB_VINTAGE
ER_2026_FEB_VINTAGE,IMF.STA,2.0.0,Exchange Rates (ER) 2026 February,Exchange Rates (ER) 2026 February,DSD_ER_PUB_VINTAGE
ER_2026_JAN_VINTAGE,IMF.STA,1.0.0,Exchange Rates (ER) 2026 January,Exchange Rates (ER) 2026 January,DSD_ER_PUB_VINTAGE
ESG_FINANCE,IMF.STA,2.0.3,Sustainable Bonds,"This dataset contains information on sustainable debt instruments, including green bonds, social bonds, sustainability bonds, and sustainability-linked bonds. These are fixed-income securities aimed at supporting environmental, social, or governance (ESG) goals. Green Bonds are fixed income instruments where the proceeds will be exclusively directed to finance or re-finance, in part or in full, new and/or existing green projects. Social bonds have use of proceeds that are dedicated to projects with positive social outcomes. Sustainability bonds have a mix of green and social use of proceeds. Sustainability linked bonds (SLB) are financial instruments where financial and structural characteristics are linked to achieving performance objectives that improve the condition of the environment or society. SLBs are not use-of proceed bonds. They typically include key performance indicators which are structurally connected to the issuer’s goal achievement.  ",DSD_ESG_FINANCE
ESG_FINANCE_CURRENCY,IMF.STA,3.0.3,Sustainable Bonds by Type of Currency,"This dataset contains information on sustainable debt instruments, including green bonds, social bonds, sustainability bonds, and sustainability-linked bonds, categorized by the currency in which they were issued.  These are fixed-income securities aimed at supporting environmental, social, or governance (ESG) goals. Green Bonds are fixed income instruments where the proceeds will be exclusively directed to finance or re-finance, in part or in full, new and/or existing green projects. Social bonds have use of proceeds that are dedicated to projects with positive social outcomes. Sustainability bonds have a mix of green and social use of proceeds. Sustainability linked bonds (SLB) are financial instruments where financial and structural characteristics are linked to achieving performance objectives that improve the condition of the environment or society. SLBs are not use-of proceed bonds. They typically include key performance indicators which are structurally connected to the issuer’s goal achievement.  ",DSD_ESG_FINANCE_CURRENCY
ESG_FINANCE_ISSUER,IMF.STA,2.0.3,Sustainable Bonds by Type of Issuer,"This dataset contains information on sustainable debt instruments, including green bonds, social bonds, sustainability bonds, and sustainability-linked bonds, categorized by the type of issuer.  These are fixed-income securities aimed at supporting environmental, social, or governance (ESG) goals. Green Bonds are fixed income instruments where the proceeds will be exclusively directed to finance or re-finance, in part or in full, new and/or existing green projects. Social bonds have use of proceeds that are dedicated to projects with positive social outcomes. Sustainability bonds have a mix of green and social use of proceeds. Sustainability linked bonds (SLB) are financial instruments where financial and structural characteristics are linked to achieving performance objectives that improve the condition of the environment or society. SLBs are not use-of proceed bonds. They typically include key performance indicators which are structurally connected to the issuer’s goal achievement.  ",DSD_ESG_FINANCE_ISSUER
FA,IMF.STA,8.0.0,Fund Accounts (FA),"The Fund Accounts dataset provides information on IMF member countries' transactions with, and accounts with the Fund. ",DSD_FA
FAS,IMF.STA,5.0.0,Financial Access Survey (FAS),"The Financial Access Survey (FAS) dataset includes annual statistics on financial service access and usage. Selected data series are disaggregated by gender (male and female), the type of financial service provider (e.g., commercial banks, credit unions, and microfinance institutions) and the type of customer (e.g., households and SMEs). ",DSD_FAS
FA_2026_APR_VINTAGE,IMF.STA,1.0.0,Fund Accounts (FA) 2026 April,Fund Accounts (FA) 2026 April,DSD_FA_VINTAGE
FA_2026_FEB_VINTAGE,IMF.STA,1.0.0,Fund Accounts (FA) 2026 February,Fund Accounts (FA) 2026 February,DSD_FA_VINTAGE
FA_2026_JAN_VINTAGE,IMF.STA,1.0.0,Fund Accounts (FA) 2026 January,Fund Accounts (FA) 2026 January,DSD_FA_VINTAGE
FD,IMF.STA,6.0.0,Fiscal Decentralization (FD),The Fiscal Decentralization dataset includes fiscal decentralization indicators for a sample of IMF member countries.  The following indicators are included in the dataset: Revenue and Expenditure Decentralization Shares; Transfer dependency and Vertical Fiscal Imbalances; Deficit and Debt; Allocation of expenditure (economic classification); Allocation of expenditure (functional classification); Allocation of non-Tax Revenues; and Allocation of Taxes.,DSD_FD
FDI,IMF.MCM,1.0.0,Financial Development Index (FDI),"The dataset contains nine indices that summarize how developed financial institutions and financial markets  are in terms of their depth, access, and efficiency. These indices are aggregated into an  overall index of financial development. With the coverage of over 180 countries on annual frequency  from 1980 onwards, the database should offer a useful analytical tool for researchers and  policy makers.",DSD_FDI
FFS,IMF.STA,1.0.2,Fossil Fuel Subsidies,"This dataset measures the extent to which fossil fuel prices paid by consumers are below their full financial and social costs. This is expressed as an aggregate value for each type of fuel and each economy. Undercharging for fuels is disaggregated into explicit and implicit subsidies. Explicit subsidies measure the amount that the financial cost to supply a fuel (i.e., the supply cost) exceeds the price paid by the fuel user. Implicit subsidies measure the difference between a fuel’s full social cost and the price paid by the fuel user, exclusive of any explicit subsidy. A fuel’s full social cost includes both supply costs and negative externalities, which are costs imposed on society due to consuming the fuel and primarily include local air pollution, climate change, and broader externalities related to driving. It should be noted that the concept of “subsidies” used here differs from the definition of subsidies in macroeconomic statistics.",DSD_FFS
FLTRI,IMF.STA,2.0.1,Forward Looking Transition Risk Indicators,"This dataset measures the impact of evolving carbon costs on firms’ financial indicators under different transition scenarios. The impacts are aggregated across countries and industries. Carbon Cost to Revenues/Assets indicators give an indication of how high these taxes will be in alternative policy scenarios in comparison to revenues/assets of the disclosing firms, along the transition through 2050. Revenues/Assets at risk indicator shows the share of firms that are expected to be severely impacted by carbon costs under the selected transition scenarios. Each indicator is calculated under two different assumptions: i) constant assets/revenues; and ii) adjusted by growth factors.",DSD_FLTRI
FM,IMF.FAD,5.0.0,Fiscal Monitor (FM),"The Fiscal Monitor surveys and analyzes the latest public finance developments, it updates fiscal implications of the crisis and medium-term fiscal projections, and assesses policies to put public finances on a sustainable footing.",DSD_FM
FM_2025_OCT_VINTAGE,IMF.FAD,1.0.0,Fiscal Monitor (FM) 2025 October,Fiscal Monitor (FM) 2025 October,DSD_FM_VINTAGE
FSIBSIS,IMF.STA,18.0.0,"Financial Soundness Indicators (FSI), Balance Sheet, Income Statement and Memorandum Series","The Financial Soundness Indicators (FSIs), developed by the IMF together with the international community, are aimed at supporting macroprudential analysis—the surveillance and assessment of the strengths and vulnerabilities of financial systems. FSIs are macroprudential statistics aimed at filling the gap between macroeconomic statistics and micro-prudential data. These indicators, derived from balance sheet and income statement items, provide insights into the financial performance and position of key sectors within the financial system. Core indicators are essential for all countries, while additional indicators provide more detailed insights into financial stability.",DSD_FSIBSIS
FSIC,IMF.STA,13.0.1,"Financial Soundness Indicators (FSI), Core and Additional Indicators","The Financial Soundness Indicators (FSIs), developed by the IMF together with the international community, are aimed at supporting macroprudential analysis—the surveillance and assessment of the strengths and vulnerabilities of financial systems. FSIs are macroprudential statistics aimed at filling the gap between macroeconomic statistics and micro-prudential data. FSIs are categorized into ""core"" and ""additional"" indicators. Core indicators are essential for all countries, while additional indicators provide more detailed insights into financial stability.",DSD_FSIC
FSICDM,IMF.STA,7.0.0,"Financial Soundness Indicators (FSI), Concentration and Distribution Measures","The Financial Soundness Indicators (FSIs), developed by the IMF together with the international community, are aimed at supporting macroprudential analysis—the surveillance and assessment of the strengths and vulnerabilities of financial systems. FSIs are macroprudential statistics aimed at filling the gap between macroeconomic statistics and micro-prudential data. Concentration and Distribution Measures indicators assess the distribution of financial risks and exposures within the financial system, focusing on how concentrated or dispersed these risks are among different entities.",DSD_FSICDM
FSI_COUNTRY_METADATA_TABLE_2,IMF.STA,3.0.0,"Financial Soundness Indicators (FSI), Country Metadata Table 2","FSIs metadata (Table 2) provides an overview of the underlying definitions, consolidation bases, intra‑group adjustments, and accounting standards for the Financial Soundness Indicators. This metadata enables the FSI data users to correctly use, interpret, and compare the data over time and across countries.",FSI_METADATA_TABLE_2
GDD,IMF.FAD,2.0.0,Global Debt Database (GDD),"The Global Debt Database (GDD) is the result of a multiyear investigative process that started with the October 2016 Fiscal Monitor. The dataset comprises total gross debt of the (private and public) nonfinancial sector for an unbalanced panel of 190 advanced economies, emerging market economies and low-income countries, dating back to 1950.",DSD_GDD
GENENVPROEXP,IMF.STA,1.0.2,Government Environmental Protection Expenditures,"This dataset captures government spending on environmental protection efforts such as pollution abatement, biodiversity conservation, and waste management. These expenditures are classified according to the COFOG framework (Classification of the Functions of Government).",DSD_GENENVPROEXP
GFS_BS,IMF.STA,12.0.0,GFS Balance Sheet,"The Government Finance Statistics (GFS) includes a statement of the government’s stocks of assets, liabilities, and net worth. As recommended by GFSM 2014, it reflects the financial position at the end of the accounting period and helps evaluate sustainability and the capacity to meet current and future financial obligations.",DSD_GFS
GFS_COFOG,IMF.STA,11.0.0,GFS Government Expenditures by Function,"The Government Finance Statistics (GFS) employs the Classification of the Functions of Government (COFOG) to group government expenditure by the purpose for which funds are used (e.g., health, education, defense). It provides an internationally standardized view of public spending priorities, facilitating comparability and policy analysis.",DSD_GFS
GFS_SFCP,IMF.STA,10.0.0,GFS Stocks and Flows by Counterparty,"The Government Finance Statistics (GFS) includes the government transactions and stock positions in financial assets and liabilities by counterparty. The counterpart sectors include nonfinancial corporations, the central bank, deposit taking corporations, international organizations, external (foreign) governments, external financial corporations and others",DSD_GFS
GFS_SOEF,IMF.STA,11.0.0,GFS Statement of Other Economic Flows,"The Government Finance Statistics (GFS) captures changes in the volume or value of assets and liabilities that do not arise from transactions (e.g., valuation changes, reclassifications, and other events). This statement, as per GFSM 2014, is essential for understanding fluctuations in government’s financial position outside regular revenue and expense flows.",DSD_GFS
GFS_SOO,IMF.STA,12.0.0,GFS Statement of Operations ,"The Government Finance Statistics (GFS) includes a comprehensive report of all government revenues and expenditures, the government net lending / net borrowing (i.e. the government surplus / deficit) as well as the transactions in financial assets and liabilities that explain how the deficit / surplus is financed.",DSD_GFS
GFS_SSUC,IMF.STA,10.0.0,GFS Statement of Sources and Uses of Cash,"The Government Finance Statistics (GFS) includes a cash‐based summary showing how a government obtains and uses its cash resources over a reporting period. This covers inflows (e.g., tax receipts, grants, borrowings) and outflows (e.g., operating expenses, loan repayments), providing insight into the government’s liquidity and financing needs.",DSD_GFS
GS_ATF,IMF.STA,1.0.0,Gender Statistics (GS) Access to Finance (ATF),Gender-disaggregated data on access to and use of financial services.,DSD_GS_ATF
GS_CGI,IMF.STA,3.0.0,Gender Statistics (GS) Composite Gender Indices (CGI),Data on five composite measures of gender equality.,DSD_GS_CGI
GS_ED,IMF.STA,3.0.0,Gender Statistics (GS) Education,Gender-disaggregated data on educational outcomes.,DSD_GS_ED
GS_HEALTH,IMF.STA,5.0.0,Gender Statistics (GS) Health,Gender-disaggregated data on health outcomes.,DSD_GS_HEALTH
GS_LEPM,IMF.STA,2.0.0,Gender Statistics (GS) Leadership and empowerment (LEPM),Data on the proportion of women in leadership positions.,DSD_GS_LEPM
GS_LGRGHTS,IMF.STA,1.0.1,Gender Statistics (GS) Legal Rights,Data on the legal rights that affects women's economic empowerment.,DSD_GS_LGRGHTS
GS_LI,IMF.STA,1.0.0,Gender Statistics (GS) Labor and Income ,"Gender-disaggregated data on labor and income by age, marital status and other characteristics.",DSD_GS_LI
GS_SDO,IMF.STA,1.0.0,"Gender Statistics (GS) Social, demographic and other",Data on Gender-disaggregated on selected population characteristics.,DSD_GS_SDO
HPD,IMF.FAD,1.0.0,Historical Public Debt (HPD),"The Historical Public Debt Database contains unbalanced panel data on Gross Domestic Product, Gross Government Debt, and Debt to GDP Ratio for 187 countries. The series spans the years 1800 through 2015 although each country’s data depends on its date of independence and data availability.",DSD_HPD
ICSD,IMF.FAD,1.0.0,Investment and Capital Stock Dataset (ICSD),"This dataset provides comprehensive data for investment and capital stock for the general government, private sector and public-private partnerships, across the Fund member countries.",DSD_ICSD
IIP,IMF.STA,13.0.0,International Investment Position (IIP),The International Investment Position (IIP) is a statistical statement that shows at a point in time the value of financial assets of residents of an economy that are claims on nonresidents or are gold bullion held as reserve assets; and the liabilities of residents of an economy to nonresidents.  ,DSD_BOP
IIPCC,IMF.STA,13.0.0,Currency Composition of the International Investment Position (IIPCC),"The Currency Composition of International Investment Positions dataset provides a snapshot of the currency breakdown of a country's foreign financial assets and liabilities at a specific date. This includes debt, financial derivatives, and reserve-related assets and liabilities, categorized by sector and currency (domestic, US dollar, Euro, Yen, and others). This data complements the standard International Investment Position (IIP) statistics.",DSD_IIPCC
IIPCC_2026_APR_VINTAGE,IMF.STA,1.0.0,Currency Composition of the International Investment Position (IIPCC) 2026 April,Currency Composition of the International Investment Position (IIPCC) 2026 April,DSD_IIPCC_VINTAGE
IIPCC_2026_FEB_VINTAGE,IMF.STA,1.0.0,Currency Composition of the International Investment Position (IIPCC) 2026 February,Currency Composition of the International Investment Position (IIPCC) 2026 February,DSD_IIPCC_VINTAGE
IIPCC_2026_JAN_VINTAGE,IMF.STA,1.0.0,Currency Composition of the International Investment Position (IIPCC) 2026 January ,Currency Composition of the International Investment Position (IIPCC) 2026 January ,DSD_IIPCC_VINTAGE
IIP_2026_APR_VINTAGE,IMF.STA,1.0.0,International Investment Position (IIP) 2026 April,International Investment Position (IIP) 2026 April,DSD_BOP_VINTAGE
IIP_2026_FEB_VINTAGE,IMF.STA,1.0.0,International Investment Position (IIP) 2026 February,International Investment Position (IIP) 2026 February,DSD_BOP_VINTAGE
IIP_2026_JAN_VINTAGE,IMF.STA,1.0.0,International Investment Position (IIP) 2026 January,International Investment Position (IIP) 2026 January,DSD_BOP_VINTAGE
IL,IMF.STA,13.0.1,International Liquidity (IL),International liquidity consists of all the resources that are available to the monetary authorities of countries for the purpose of meeting balance of payments financing needs. ,DSD_IL
IL_2026_APR_VINTAGE,IMF.STA,1.0.0,International Liquidity (IL) 2026 April,International Liquidity (IL) 2026 April,DSD_IL_VINTAGE
IL_2026_FEB_VINTAGE,IMF.STA,1.0.0,International Liquidity (IL) 2026 February,International Liquidity (IL) 2026 February,DSD_IL_VINTAGE
IL_2026_JAN_VINTAGE,IMF.STA,1.0.0,International Liquidity (IL) 2026 January,International Liquidity (IL) 2026 January,DSD_IL_VINTAGE
IMTS,IMF.STA,1.0.0,International Trade in Goods (by partner country) (IMTS),The International trade in goods by partner country dataset (formerly Direction of Trade Statistics (DOTS)) includes goods (merchandise) export and import statistics disaggregated according to a country's trading partners. ,DSD_IMTS
IMTS_2025_DEC_VINTAGE,IMF.STA,1.0.0,International Trade in Goods (by partner country) (IMTS) 2025 December,International Trade in Goods (by partner country) (IMTS) 2025 December,DSD_IMTS_VINTAGE
IMTS_2026_APR_VINTAGE,IMF.STA,1.0.0,International Trade in Goods (by partner country) (IMTS) 2026 April,International Trade in Goods (by partner country) (IMTS) 2026 April,DSD_IMTS_VINTAGE
INFORMRISK,IMF.STA,1.0.4,Climate-Driven INFORM Risk Indicator,"This dataset provides information on the Climate-driven INFORM Risk Indicator, which helps assess the risk of climate-driven hazards. It can be used to support decisions related to prevention, preparedness, and response. It has three dimensions: climate-driven hazard & exposure, vulnerability, and lack of coping capacity. It is produced based on the INFORM Risk with IMF staff calculations.  Climate-driven Hazard & Exposure reflects the probability of physical exposure associated with specific climate-driven hazards. Vulnerability represents economic, political and social characteristics of the community that can be destabilized in case of a hazard event. Lack of coping capacity relates to the ability of a country to cope with disasters in terms of formal, organized activities and the effort of the country’s government as well as the existing infrastructure which contribute to the reduction of disaster risk. The data are updated annually based on August data release by INFORM Risk.",DSD_INFORMRISK
IRFCL,IMF.STA,11.0.0,International Reserves and Foreign Currency Liquidity (IRFCL),"The International Reserves and Foreign Currency Liquidity (IRFCL, or the “Reserves Data Template”) dataset includes data on the amount and composition of countries’ official reserve assets, other foreign currency assets held by monetary authorities and central governments, and short-term foreign currency obligations and related activities of monetary authorities and central governments that can lead to drains on official reserves and other foreign currency assets. This website re-disseminates IMF member countries' data on international reserves and foreign currency liquidity in a common template and in a common currency (the U.S. dollar). Historical data by country are also available. Please note that the re-dissemination of the template data by the Fund does not constitute endorsement of the quality of the data by the Fund.",DSD_IRFCL_PUB
ISORA_2016_DATA_PUB,ISORA,2.0.0,ISORA 2016 Data,ISORA data for FY2014 and FY2015,DSD_ISORA_PUBLISHED
ISORA_2018_DATA_PUB,ISORA,2.0.0,ISORA 2018 Data,ISORA data for FY2016 and FY2017,DSD_ISORA_PUBLISHED
ISORA_LATEST_DATA_PUB,ISORA,4.0.0,ISORA Latest Data,ISORA data beginning FY2018 to current,DSD_ISORA_PUBLISHED
ITG,IMF.STA,4.0.0,International Trade in Goods (ITG),"Trade in goods includes all goods which add to, or subtract from, the stock of material resources of a country by entering its economic territory (imports) or leaving it (exports). Goods are physical, produced items over which ownership rights can be established and whose economic ownership can be passed from one institutional unit to another by engaging in transactions. Goods being transported through a country or temporarily admitted or withdrawn (except for goods for inward or outward processing) are not included.",DSD_ITG
ITG_2026_APR_VINTAGE,IMF.STA,1.0.0,International Trade in Goods (ITG) 2026 April,International Trade in Goods (ITG) 2026 April,DSD_ITG_VINTAGE
ITG_2026_FEB_VINTAGE,IMF.STA,1.0.0,International Trade in Goods (ITG) 2026 February,International Trade in Goods (ITG) 2026 February,DSD_ITG_VINTAGE
ITG_2026_JAN_VINTAGE,IMF.STA,1.0.0,International Trade in Goods (ITG) 2026 January,International Trade in Goods (ITG) 2026 January,DSD_ITG_VINTAGE
ITG_WCA_2026_FEB_VINTAGE,IMF.STA,1.0.0,"International Trade in Goods, World and Country Aggregates 2026 February ","International Trade in Goods, World and Country Aggregates 2026 February ",DSD_ITG_WCA_VINTAGE
ITS,IMF.RES,3.0.1,International Trade in Services (ITS),"Using the IMF’s Balance of Payments Statistics database as a source, the statistics provided here are the first of its kind providing a compilation of detailed historic and new data on world trade in services. This can be a useful resource for researchers, policymakers and businesses for decisions in macroeconomic competitiveness and understanding how technological forces are affecting rapid resource reallocation in specific sectors. The dataset covers exports of services from 1970 to 2014. See reference Loungani, Mishra, Papageorgiou, Wang (2017). There is ongoing work to extend the dataset, which will be made available in the future.",DSD_ITS
LS,IMF.STA,9.0.0,Labor Statistics (LS),"Labor Force Statistics provide information on various aspects of labor markets including employment rates, unemployment rates, labor force participation. Data are obtained from national statistical organizations.  The data are used by policymakers, researchers, and analysts to understand labor market conditions, identifying trends, and making informed decisions related to economic development, social policies, and labor force planning.",DSD_LS
LS_2026_APR_VINTAGE,IMF.STA,1.0.0,Labor Statistics (LS) 2026 April,Labor Statistics (LS) 2026 April,DSD_LS_VINTAGE
LS_2026_FEB_VINTAGE,IMF.STA,1.0.0,Labor Statistics (LS) 2026 February,Labor Statistics (LS) 2026 February,DSD_LS_VINTAGE
LS_2026_JAN_VINTAGE,IMF.STA,1.0.0,Labor Statistics (LS) 2026 January,Labor Statistics (LS) 2026 January,DSD_LS_VINTAGE
MCDREO,IMF.MCD,8.0.0,Middle East and Central Asia Regional Economic Outlook (MCDREO) ,"The Middle East and Central Asia Department Regional Economic Outlook (MCDREO) provides information on recent economic developments and prospects for 32 countries and territories: Afghanistan, Algeria, Armenia, Azerbaijan, Bahrain, Djibouti, Egypt, Georgia, Islamic Republic of Iran, Iraq, Jordan, Kazakhstan, Kuwait, Kyrgyz Republic, Lebanon, Libya, Mauritania, Morocco, Oman, Pakistan, Qatar, Saudi Arabia, Somalia, Sudan, Syrian Arab Republic, Tajikistan, Tunisia, Turkmenistan, United Arab Emirates, Uzbekistan, West Bank and Gaza, and Yemen. These countries and territories are divided into two main nonoverlapping groups, based on export earnings, namely (1) oil exporters; and (2) oil importers. The oil importers group comprises (1) emerging market and middle-income countries (EM&MI) and (2) low-income countries (LICs) based on the income level. Additional analytical and regional groups might be used to provide a more granular breakdown for analysis and continuity.",DSD_MCDREO
MFS_CBS,IMF.STA,24.0.0,"Monetary and Financial Statistics (MFS), Central Bank Data","The Monetary and Financial Statistics (MFS), Central Bank dataset offers an analytical perspective on the central bank’s balance sheet, focusing on the monetary base and the central bank’s financial relationships with other economic sectors and nonresidents.",DSD_MFS_CBS
MFS_CBS_2026_APR_VINTAGE,IMF.STA,1.0.0,"Monetary and Financial Statistics (MFS), Central Bank Data 2026 April ","Monetary and Financial Statistics (MFS), Central Bank Data 2026 April ",DSD_MFS_CBS_VINTAGE
MFS_CBS_2026_FEB_VINTAGE,IMF.STA,1.0.0,"Monetary and Financial Statistics (MFS), Central Bank Data 2026 February","Monetary and Financial Statistics (MFS), Central Bank Data 2026 February",DSD_MFS_CBS_VINTAGE
MFS_CBS_2026_JAN_VINTAGE,IMF.STA,1.0.0,"Monetary and Financial Statistics (MFS), Central Bank Data 2026 January","Monetary and Financial Statistics (MFS), Central Bank Data 2026 January",DSD_MFS_CBS_VINTAGE
MFS_DC,IMF.STA,8.0.0,"Monetary and Financial Statistics (MFS), Depository Corporations","The Monetary and Financial Statistics (MFS), Depository Corporations dataset consolidates central bank and other depository corporations balance sheets to analyze broad money and depository corporations' financial linkages with other economic sectors and nonresidents.",DSD_MFS_DCS
MFS_DC_2026_APR_VINTAGE,IMF.STA,1.0.0,"Monetary and Financial Statistics (MFS), Depository Corporations 2026 April","Monetary and Financial Statistics (MFS), Depository Corporations 2026 April",DSD_MFS_DCS_VINTAGE
MFS_DC_2026_FEB_VINTAGE,IMF.STA,1.0.0,"Monetary and Financial Statistics (MFS), Depository Corporations 2026 February","Monetary and Financial Statistics (MFS), Depository Corporations 2026 February",DSD_MFS_DCS_VINTAGE
MFS_DC_2026_JAN_VINTAGE,IMF.STA,1.0.0,"Monetary and Financial Statistics (MFS), Depository Corporations 2026 January","Monetary and Financial Statistics (MFS), Depository Corporations 2026 January",DSD_MFS_DCS_VINTAGE
MFS_FC,IMF.STA,9.0.0,"Monetary and Financial Statistics (MFS), Financial Corporations","The Monetary and Financial Statistics (MFS), Financial Corporations dataset consolidates balance sheets of central banks, ODCs, and OFCs to analyze net financing by financial corporations to nonresidents and domestic nonfinancial sectors.",DSD_MFS_FCS
MFS_FC_2026_APR_VINTAGE,IMF.STA,1.0.0,"Monetary and Financial Statistics (MFS), Financial Corporations 2026 April","Monetary and Financial Statistics (MFS), Financial Corporations 2026 April",DSD_MFS_FCS_VINTAGE
MFS_FC_2026_FEB_VINTAGE,IMF.STA,1.0.0,"Monetary and Financial Statistics (MFS), Financial Corporations 2026 February","Monetary and Financial Statistics (MFS), Financial Corporations 2026 February",DSD_MFS_FCS_VINTAGE
MFS_FC_2026_JAN_VINTAGE,IMF.STA,1.0.0,"Monetary and Financial Statistics (MFS), Financial Corporations 2026 January","Monetary and Financial Statistics (MFS), Financial Corporations 2026 January",DSD_MFS_FCS_VINTAGE
MFS_FMP,IMF.STA,3.0.0,Monetary and Financial Statistics (MFS): Financial Market Prices,"The Monetary and Financial Statistics (MFS), Financial Market Prices dataset presents country-specific information on share prices, providing insights into equity markets. These data are compiled using nationally defined methodologies and are not based on a standardized definition across countries.",DSD_MFS_FMP
MFS_FMP_2026_APR_VINTAGE,IMF.STA,1.0.0,"Monetary and Financial Statistics (MFS), Financial Market Prices 2026 April","Monetary and Financial Statistics (MFS), Financial Market Prices 2026 April",DSD_MFS_FMP_VINTAGE
MFS_FMP_2026_FEB_VINTAGE,IMF.STA,1.0.0,"Monetary and Financial Statistics (MFS), Financial Market Prices 2026 February","Monetary and Financial Statistics (MFS), Financial Market Prices 2026 February",DSD_MFS_FMP_VINTAGE
MFS_FMP_2026_JAN_VINTAGE,IMF.STA,1.0.0,"Monetary and Financial Statistics (MFS), Financial Market Prices 2026 January ","Monetary and Financial Statistics (MFS), Financial Market Prices 2026 January",DSD_MFS_FMP_VINTAGE
MFS_IR,IMF.STA,8.0.1,"Monetary and Financial Statistics (MFS), Interest Rate","The Monetary and Financial Statistics (MFS), Interest Rates dataset presents country-specific interest rate data across sectors and instruments, based on nationally defined methodologies.",DSD_MFS_IR
MFS_IR_2026_APR_VINTAGE,IMF.STA,1.0.0,"Monetary and Financial Statistics (MFS), Interest Rate 2026 April","Monetary and Financial Statistics (MFS), Interest Rate 2026 April",DSD_MFS_IR_VINTAGE
MFS_IR_2026_FEB_VINTAGE,IMF.STA,1.0.0,"Monetary and Financial Statistics (MFS), Interest Rate 2026 February","Monetary and Financial Statistics (MFS), Interest Rate 2026 February",DSD_MFS_IR_VINTAGE
MFS_IR_2026_JAN_VINTAGE,IMF.STA,1.0.0,"Monetary and Financial Statistics (MFS), Interest Rate 2026 January","Monetary and Financial Statistics (MFS), Interest Rate 2026 January",DSD_MFS_IR_VINTAGE
MFS_MA,IMF.STA,10.0.1,"Monetary and Financial Statistics (MFS), Monetary Aggregates","The Monetary and Financial Statistics (MFS), Monetary Aggregates dataset presents monetary aggregates based on standardized SRF data, while also reflecting country-specific components aligned with national definitions.",DSD_MFS_MA
MFS_MA_2026_APR_VINTAGE,IMF.STA,1.0.0,"Monetary and Financial Statistics (MFS), Monetary Aggregates 2026 April","Monetary and Financial Statistics (MFS), Monetary Aggregates 2026 April",DSD_MFS_MA_VINTAGE
MFS_MA_2026_FEB_VINTAGE,IMF.STA,1.0.0,"Monetary and Financial Statistics (MFS), Monetary Aggregates 2026 February","Monetary and Financial Statistics (MFS), Monetary Aggregates 2026 February",DSD_MFS_MA_VINTAGE
MFS_MA_2026_JAN_VINTAGE,IMF.STA,1.0.0,"Monetary and Financial Statistics (MFS), Monetary Aggregates 2026 January ","Monetary and Financial Statistics (MFS), Monetary Aggregates 2026 January ",DSD_MFS_MA_VINTAGE
MFS_NSRF,IMF.STA,1.0.3,"Monetary and Financial Statistics (MFS),  Non-Standard Data","The Monetary and Financial Statistics (MFS), Non-standard dataset provides discontinued, vintage country-reported financial data that are not harmonized and use country-specific terms.",DSD_MFS_NSRF
MFS_ODC,IMF.STA,10.0.0,"Monetary and Financial Statistics (MFS), Other Depository Corporations","The Monetary and Financial Statistics (MFS), Other Depository Corporations (ODCs) dataset presents the sectoral balance sheet of the ODCs highlighting the liabilities of ODCs sector that are included in broad money and financial linkages of the sector with other economic sectors and nonresidents.",DSD_MFS_ODC
MFS_ODC_2026_APR_VINTAGE,IMF.STA,1.0.0,"Monetary and Financial Statistics (MFS), Other Depository Corporations 2026 April","Monetary and Financial Statistics (MFS), Other Depository Corporations 2026 April",DSD_MFS_ODC_VINTAGE
MFS_ODC_2026_FEB_VINTAGE,IMF.STA,1.0.0,"Monetary and Financial Statistics (MFS), Other Depository Corporations 2026 February","Monetary and Financial Statistics (MFS), Other Depository Corporations 2026 February",DSD_MFS_ODC_VINTAGE
MFS_ODC_2026_JAN_VINTAGE,IMF.STA,1.0.0,"Monetary and Financial Statistics (MFS), Other Depository Corporations 2026 January","Monetary and Financial Statistics (MFS), Other Depository Corporations 2026 January",DSD_MFS_ODC_VINTAGE
MFS_OFC,IMF.STA,7.0.0,"Monetary and Financial Statistics (MFS), Other Financial Corporations","The Monetary and Financial Statistics (MFS), Other Financial Corporations (OFCs) dataset presents the balance sheet of OFCs highlighting their financial linkages with other economic sectors and nonresidents.",DSD_MFS_OFC
MFS_OFC_2026_APR_VINTAGE,IMF.STA,1.0.0,"Monetary and Financial Statistics (MFS), Other Financial Corporations 2026 April","Monetary and Financial Statistics (MFS), Other Financial Corporations 2026 April",DSD_MFS_OFC_VINTAGE
MFS_OFC_2026_FEB_VINTAGE,IMF.STA,1.0.0,"Monetary and Financial Statistics (MFS), Other Financial Corporations 2026 February","Monetary and Financial Statistics (MFS), Other Financial Corporations 2026 February",DSD_MFS_OFC_VINTAGE
MFS_OFC_2026_JAN_VINTAGE,IMF.STA,1.0.0,"Monetary and Financial Statistics (MFS), Other Financial Corporations 2026 January","Monetary and Financial Statistics (MFS), Other Financial Corporations 2026 January",DSD_MFS_OFC_VINTAGE
MPFT,IMF.RES,7.0.1,Monetary Policy Frameworks Toolkit (MPFT),"Monetary policy framework comprises the structures in place that enable and guide the conduct of monetary policy. In this project, we provide a multidimensional characterization of monetary policy frameworks across three pillars: Independence and Accountability, Policy and Operational Strategy, and Communications (IAPOC). This database covers 50 advanced economies, emerging markets, and low-income developing countries, from 2007 to 2018 (being extended).",DSD_MPFT
NA_MAIN,IMF.STA,1.0.0,National Accounts Main Aggregates (SDMX),"This dataset is published in accordance with the SDMX Global Data Structure Definition (DSD) for National Accounts. The National Accounts dataset presents national, official estimates of annual and quarterly expenditure-based Gross Domestic Product (GDP), by economy.   Estimates are presented in nominal terms (current prices) and volume terms (with the effect of price changes removed).  Quarterly estimates are disseminated, where available, on non-seasonally adjusted and seasonally adjusted bases.  ",NA_MAIN
NDGAIN,IMF.STA,1.0.1,IMF-Adapted ND-GAIN Index (NDGAIN),"The ND-GAIN index is a global free open-source index, that measures a country’s current vulnerability to climate disruptions and assesses a country’s readiness to leverage private and public sector investment for adaptive actions. The IMF-adapted ND-GAIN index is an adaptation of the original index, adjusted by IMF staff to replace the Doing Business (DB) Index, used as source data in the original ND-GAIN, because the DB database has been discontinued by the World Bank in 2020 and it is no longer allowed in IMF work. The IMF-adapted ND-GAIN is an interim solution offered by IMF staff until the ND-GAIN compilers will review the methodology and replace the DB index.",DSD_NDGAIN
NSDP,IMF.STA,7.0.0,National Summary Data Page (NSDP),Dataset of key macroeconomic indicators that participating countries commit to publishing on the National Summary Data Page (NSDP).,DSD_NSDP
PCPS,IMF.RES,9.0.0,Primary Commodity Price System (PCPS),"Indices of market prices for fuel and non-fuel commodities, and actual market prices for fuel and non-fuel commodities.",DSD_PCPS
PI,IMF.STA,2.0.0,Production Indexes (PI),"The Production Indexes dataset presents data on industrial production, construction, and retail sales indexes. These statistics are widely used to monitor economic activity. ",DSD_IPI
PIP,IMF.STA,5.0.0,Portfolio Investment Positions by Counterpart Economy (formerly CPIS),"The Portfolio Investment Positions by Counterpart Economy dataset (formerly Coordinated Portfolio Investment Survey, or CPIS) is a voluntary data collection exercise conducted under the auspices of the IMF. To participate, an economy provides data on its holdings of portfolio investment securities (data are separately requested for equity and investment fund shares, long-term debt instruments, and short-term debt instruments).",DSD_PIP
PI_2026_APR_VINTAGE,IMF.STA,1.0.0,Production Indexes (PI) 2026 April,Production Indexes (PI) 2026 April,DSD_IPI_VINTAGE
PI_2026_FEB_VINTAGE,IMF.STA,1.0.0,Production Indexes (PI) 2026 February,Production Indexes (PI) 2026 February,DSD_IPI_VINTAGE
PI_2026_JAN_VINTAGE,IMF.STA,1.0.0,Production Indexes (PI) 2026 January,Production Indexes (PI) 2026 January,DSD_IPI_VINTAGE
PI_WCA,IMF.STA,1.0.0,"Production Indexes, World and Country Group Aggregates","The Production Indexes dataset presents data on industrial production, construction, and retail sales indexes. These statistics are widely used to monitor economic activity.",DSD_IPI
PI_WCA_2026_APR_VINTAGE,IMF.STA,1.0.0,"Production Indexes, World and Country Group Aggregates 2026 April","Production Indexes, World and Country Group Aggregates 2026 April",DSD_IPI_VINTAGE
PI_WCA_2026_FEB_VINTAGE,IMF.STA,1.0.0,"Production Indexes, World and Country Group Aggregates 2026 February","Production Indexes, World and Country Group Aggregates 2026 February",DSD_IPI_VINTAGE
PI_WCA_2026_JAN_VINTAGE,IMF.STA,1.0.0,"Production Indexes, World and Country Group Aggregates 2026 January","Production Indexes, World and Country Group Aggregates 2026 January",DSD_IPI_VINTAGE
PPI,IMF.STA,3.0.0,Producer Price Index (PPI),Producer Price Indexes (PPI) measures the average change over time in the selling prices received by domestic producers for their output. ,DSD_PPI
PPI_2026_APR_VINTAGE,IMF.STA,1.0.0,Producer Price Index (PPI) 2026 April,Producer Price Index (PPI) 2026 April,DSD_PPI_VINTAGE
PPI_2026_FEB_VINTAGE,IMF.STA,1.0.0,Producer Price Index (PPI) 2026 February,Producer Price Index (PPI) 2026 February,DSD_PPI_VINTAGE
PPI_2026_JAN_VINTAGE,IMF.STA,1.0.0,Producer Price Index (PPI) 2026 January,Producer Price Index (PPI) 2026 January,DSD_PPI_VINTAGE
PSBS,IMF.FAD,2.0.0,Public Sector Balance Sheet (PSBS),"The Public Sector Balance Sheet (PSBS) Database shows comprehensive estimates of public sector assets and liabilities that formed the basis for the analysis presented in the October 2018 edition of the Fiscal Monitor. The database covers a broad sample of 55 countries, of which 25 countries contain time-series estimated PSBS and the rest for one single-year data compiled as part of Financial Transparency Evaluations and IMF Technical Assistance missions.   The PSBS database is compiled on a best-effort basis, using the conceptual framework of the IMF's Government Finance Statistics Manual 2014. Data for the central and general government generally replicate data reported by country authorities in the IMF's Government Finance Statistics database. Data for the central bank generally replicate data reported by country authorities in the IMF's Monetary and Financial Statistics database. Where these data fail to cover all categories of assets and liabilities, they are complemented by other data reported by statistical authorities at the national level. other international organizations, or staff estimates. Data sources for public corporations are country specific and are captured in the country specific metadata documents.",DSD_PSBS
QGDP_WCA,IMF.STA,4.0.0,"Quarterly Gross Domestic Product (GDP), World and Country Aggregates",This dataset provides a snapshot of the economic activity of the world and selected country aggregates on a quarterly basis.  It offers quarterly measurements of Gross Domestic Product (GDP). Quarterly estimates are disseminated on a seasonally adjusted basis. ,DSD_QGDP_WCA
QGDP_WCA_2026_APR_VINTAGE,IMF.STA,1.0.0,"Quarterly Gross Domestic Product (GDP), World and Country Aggregates 2026 April","Quarterly Gross Domestic Product (GDP), World and Country Aggregates 2026 April",DSD_QGDP_WCA_VINTAGE
QGDP_WCA_2026_FEB_VINTAGE,IMF.STA,1.0.0,"Quarterly Gross Domestic Product (GDP), World and Country Aggregates 2026 February ","Quarterly Gross Domestic Product (GDP), World and Country Aggregates 2026 February ",DSD_QGDP_WCA_VINTAGE
QGDP_WCA_2026_JAN_VINTAGE,IMF.STA,1.0.0,"Quarterly Gross Domestic Product (GDP), World and Country Aggregates 2026 January","Quarterly Gross Domestic Product (GDP), World and Country Aggregates 2026 January",DSD_QGDP_WCA_VINTAGE
QGFS,IMF.STA,12.0.0,Quarterly Government Finance Statistics (QGFS),"The Government Finance Statistics (GFS) includes government revenues and expenditures, government net lending / net borrowing (the surplus / deficit) financing transactions and balance sheet data on government assets and liabilities. Statistics are available for different levels of government including budgetary central government, central government and general government.",DSD_QGFS
QGFS_2026_APR_VINTAGE,IMF.STA,1.0.0,Quarterly Government Finance Statistics (QGFS) 2026 April ,Quarterly Government Finance Statistics (QGFS) 2026 April ,DSD_QGFS_VINTAGE
QGFS_2026_FEB_VINTAGE,IMF.STA,1.0.0,Quarterly Government Finance Statistics (QGFS) 2026 February,Quarterly Government Finance Statistics (QGFS) 2026 February,DSD_QGFS_VINTAGE
QGFS_2026_JAN_VINTAGE,IMF.STA,1.0.0,Quarterly Government Finance Statistics (QGFS) 2026 January,Quarterly Government Finance Statistics (QGFS) 2026 January,DSD_QGFS_VINTAGE
QNEA,IMF.STA,7.0.0,"National Economic Accounts (NEA), Quarterly Data","This dataset provides a snapshot of the economic activity of various countries on a quarterly basis.  It offers quarterly measurements of key indicators like Gross Domestic Product (GDP), consumption, investment, government spending, and foreign trade.  Quarterly estimates are disseminated on non-seasonally adjusted and seasonally adjusted bases.  ",DSD_QNEA
QNEA_2026_APR_VINTAGE,IMF.STA,1.0.0,"National Economic Accounts (NEA), Quarterly Data 2026 April","National Economic Accounts (NEA), Quarterly Data 2026 April",DSD_QNEA_VINTAGE
QNEA_2026_FEB_VINTAGE,IMF.STA,1.0.0,"National Economic Accounts (NEA), Quarterly Data 2026 February","National Economic Accounts (NEA), Quarterly Data 2026 February",DSD_QNEA_VINTAGE
QNEA_2026_JAN_VINTAGE,IMF.STA,1.0.0,"National Economic Accounts (NEA), Quarterly Data 2026 January","National Economic Accounts (NEA), Quarterly Data 2026 January",DSD_QNEA_VINTAGE
RE,IMF.STA,2.0.1,Renewable Energy,"This dataset provides information on electricity generation and installed capacity, categorized by energy type (renewable and non-renewable) and five technology types (Fossil fuels, Hydropower, Solar energy, Wind energy, and Bioenergy).  The data has been sourced from the International Renewable Energy Agency (https://pxweb.irena.org/pxweb/en/IRENASTAT). The indicators on energy transition have been formulated to help users understand the progress in the adoption of renewable energy sources vis-à-vis the increasing energy requirements.",DSD_RE
RSUI,IMF.WHD,1.0.0,Reported Social Unrest Index (RSUI),"This dataset provides two measures of social unrest derived from media reports. One is the “A” index from the paper, and the “events” series.
Suggested citation: ""Barrett, P., Appendino, M., Nguyen, K., & de Leon Miranda, J. (2022). Measuring social unrest using media reports. Journal of Development Economics, 158, 102924.""
Note: some sources mis-label China and Hong Kong SAR.  Series which explicitly adjust for this are available on request from the authors.",DSD_RSUI
SDG,IMF.STA,2.0.1,IMF Reported SDG Data,"This dataset contains data from the International Monetary Fund (IMF) that is used to monitor progress on the Sustainable Development Goals (SDGs). It includes key economic and financial indicators, structured according to the UN's Global Data Structure Definitions (DSD) for easy integration and analysis.",SDG
SPE,IMF.STA,13.0.0,Special Purpose Entities (SPEs),Special Purpose Entities (SPEs) dataset provide detailed information on cross-border transactions and financial positions related to resident SPEs. ,DSD_BOP
SPE_2026_APR_VINTAGE,IMF.STA,1.0.0,Special Purpose Entities (SPEs) 2026 April,Special Purpose Entities (SPEs) 2026 April,DSD_BOP_VINTAGE
SPE_2026_FEB_VINTAGE,IMF.STA,1.0.0,Special Purpose Entities (SPEs) 2026 February,Special Purpose Entities (SPEs) 2026 February,DSD_BOP_VINTAGE
SPE_2026_JAN_VINTAGE,IMF.STA,1.0.0,Special Purpose Entities (SPEs) 2026 January,Special Purpose Entities (SPEs) 2026 January,DSD_BOP_VINTAGE
SRD,IMF.RES,1.0.0,Structural Reform Database (SRD),"The SRD contains data on a wide range of structural policies across different countries. These policies are things that affect how markets function, like labor laws, regulations on businesses, and trade policies.",DSD_SRD
TAXFIT,IMF.FAD,3.0.1,Tax and Benefits Analysis Tool (TAXFIT),"TaxFit is a microsimulation model that computes taxes and benefits— including income taxes, social security contributions, social assistance, care, family, and in-work-benefits — for households whose characteristics are defined by user provided information about gross incomes and family structures. Users can compare the burden and generosity of the tax and benefits systems across 34 Emerging Market and Developing Economies, as well as indicators of policy-induced (dis)incentives to formal work, which have a gender focus. ",DSD_TAXFIT
TEG,IMF.STA,3.0.2,Trade in Low Carbon Technology Goods (TEG),"This dataset provides information on the bilateral trade flows of low-carbon technology products, as well as country and world aggregates . Low carbon technology products produce less pollution than their traditional energy counterparts, and will play a vital role in the transition to a low carbon economy. Low carbon technologies include mechanics like wind turbines, solar panels, biomass systems and carbon capture equipment.",DSD_TEG
UNFCCC,IMF.STA,3.0.0,Greenhouse Gas Emissions (UNFCCC),"This dataset provides National Greenhouse Gas Emissions Inventories by the sector of origin and National Mitigation Targets as determined by the countries.  Annual country-level estimates of net emissions/removals for 215 countries are presented by six sectors, 14 sub-sectors and four gases, for the years 1970-2021. To facilitate retrieval and use, two aggregated indicators, Total GHG emissions including land-use, land-use change and forestry (LULUCF) and Total GHG emissions excluding land-use, land-use change and forestry are presented in addition to the sector-level information.  Annual country-level projections of emissions, assuming business-as-usual, are presented for three categories – CO2 emission, GHG emissions excluding LULUCF and GHG emissions including LULUCF – for the years 2022- 2030. National mitigation targets, or the implied targets, as estimated from the Nationally Determined Contributions are presented for the year 2030. Both the conditional, where applicable, and unconditional targets have been presented, along with an average of the two targets. Corresponding aggregates are presented for the above indicators by region and sub-region according to the M49 and the World Economic Outlook Classifications. Estimates of emissions are in million metric tons of CO2 equivalent.",DSD_UNFCCC
WEO,IMF.RES,9.0.0,World Economic Outlook (WEO),"The World Economic Outlook (WEO) database is created during the biannual WEO exercise, which begins in January and June of each year and results in the April and September/October WEO publication. Selected series from the publication are available in a database format. ",DSD_WEO
WEO_2025_OCT_VINTAGE,IMF.RES,1.0.0,World Economic Outlook (WEO) 2025 October,World Economic Outlook (WEO) 2025 October,DSD_WEO_VINTAGE
WHDREO,IMF.WHD,5.0.0,Western Hemisphere Regional Economic Outlook (WHDREO),"The WHD Regional Economic Outlook (REO) provides information on recent economic developments and prospects for countries in the Western Hemisphere. Data for the Western Hemisphere REO are prepared in conjunction and are consistent with the semi-annual World Economic Outlook (WEO) exercises. REO aggregate data may differ from WEO aggregates due to differences in group membership. Composite data for country groups are weighted averages of data for individual countries. Arithmetic weighted averages are used for all concepts except for inflation and broad money, for which geometric averages are used. PPP GDP weights from the WEO database are used for the aggregation of real GDP growth, real non-oil GDP growth, real per capita GDP growth, investment, national savings, broad money, claims on the nonfinancial private sector, and real and nominal effective exchange rates. Aggregates for other concepts are weighted by GDP in U.S. dollars at market exchange rates.",DSD_WHDREO
WHDREO_2025_OCT_VINTAGE,IMF.WHD,1.0.0,Western Hemisphere Regional Economic Outlook (WHDREO) 2025 October,Western Hemisphere Regional Economic Outlook (WHDREO) 2025 October,DSD_WHDREO_VINTAGE
WORLD,IMF.FAD,3.0.1,World Revenue Longitudinal Database (WoRLD),"The IMF's World Revenue Longitudinal Database (WoRLD) is a comprehensive dataset that tracks government revenue trends since the early 1980s. With data for 195 countries, including 191 IMF member countries, WoRLD provides policymakers, researchers, and the public with invaluable insights into the evolution of the level and composition of revenues and tax revenues. It is a unique, consistent, and reliable source for comparing countries around the world, helping to shape policies that support development objectives. Updated annually, the database and accompanying technical note provide a concise overview of recent revenue developments, data revisions, and methodological improvements, making it an essential resource for understanding revenue mobilization developments at the global level.",DSD_WORLD
WPCPER,IMF.STA,6.0.0,Crypto-based Parallel Exchange Rates (Working Paper dataset WP-CPER),"This dataset provides a cross-country indicator of parallel exchange rates based on crypto markets. Parallel exchange rates are measured as the price of bitcoin on the local market relative to the U.S. market. Suggested citation: Graf von Luckner, C., Koepke, R., & Sgherri, S. (2024). “Crypto as a Marketplace for Capital Flight.” IMF Working Paper No. 2024/133. International Monetary Fund. Data Management: Shuhan Yue",DSD_WPCPER
WPFXI,IMF.STA,1.0.2,Working Paper Foreign Exchange Intervention (WPFXI) A Dataset of Public Data and Proxies,"This dataset provides data on official and estimated foreign exchange intervention (FXI) for 120 countries since 2000.   Suggested citation: Adler, G., K. S. Chang, R. C. Mano and Y.Shao, 2024, ""Foreign Exchange Intervention: A Data Set of Official Data and Estimates,"" Journal of Money, Credit and Banking. https://doi.org/10.1111/jmcb.13137.  Data Management: Kyun Suk Chang (KChang@imf.org) ",DSD_WPFXI
