report_month,observation_month,appendix_url,pdf_url,pdf_source,page_price,page_production,status,notes
2026-08-01,2026-07-01,https://www.opec.org/assets/assetdb/momr-appendix-august-2026.xlsx,https://www.opec.org/assets/assetdb/momr-august-2026.pdf,official_candidate,NA,NA,candidate,Generated from OPEC MOMR archive URL convention; verify parser compatibility before activation.
2026-07-01,2026-06-01,https://www.opec.org/assets/assetdb/momr-appendix-july-2026.xlsx,https://www.opec.org/assets/assetdb/momr-july-2026.pdf,official_candidate,NA,NA,candidate,Generated from OPEC MOMR archive URL convention; verify parser compatibility before activation.
2026-06-01,2026-05-01,https://www.opec.org/assets/assetdb/momr-appendix-june-2026.xlsx,https://www.opec.org/assets/assetdb/momr-june-2026.pdf,official_candidate,NA,NA,candidate,Generated from OPEC MOMR archive URL convention; verify parser compatibility before activation.
2026-05-01,2026-04-01,https://www.opec.org/assets/assetdb/momr-appendix-may-2026.xlsx,https://www.opec.org/assets/assetdb/momr-may-2026.pdf,official_candidate,NA,NA,candidate,Generated from OPEC MOMR archive URL convention; verify parser compatibility before activation.
2026-04-01,2026-03-01,https://www.opec.org/assets/assetdb/momr-appendix-april-2026.xlsx,https://www.opec.org/assets/assetdb/momr-april-2026.pdf,official,12,61,active,Official PDF and appendix
2026-03-01,2026-02-01,https://www.opec.org/assets/assetdb/momr-appendix-march-2026.xlsx,https://www.opec.org/assets/assetdb/momr-march-2026.pdf,official,12,63,active,Official PDF and appendix
2026-02-01,2026-01-01,https://www.opec.org/assets/assetdb/momr-appendix-february-2026.xlsx,https://www.opec.org/assets/assetdb/momr-february-2026.pdf,official,12,63,active,Official PDF and appendix
2026-01-01,2025-12-01,https://www.opec.org/assets/assetdb/momr-appendix-january-2026.xlsx,https://www.opec.org/assets/assetdb/momr-january-2026.pdf,official,12,61,active,Official PDF and appendix
2025-12-01,2025-11-01,https://www.opec.org/assets/assetdb/momr-appendix-dec-2025.xlsx,https://www.opec.org/assets/assetdb/momr-december-2025.pdf,official,12,61,active,Official PDF and appendix
2025-11-01,2025-10-01,https://www.opec.org/assets/assetdb/momr-appendix-nov-2025.xlsx,https://www.opec.org/assets/assetdb/momr-november-2025.pdf,official,12,61,active,Official PDF and appendix
2025-10-01,2025-09-01,https://www.opec.org/assets/assetdb/momr-appendix-oct-2025.xlsx,NA,missing,12,61,inactive,Official PDF URL blocked; needs alternate PDF source before activation
2025-09-01,2025-08-01,https://www.opec.org/assets/assetdb/momr-appendix-september-2025.xlsx,https://www.opec.org/assets/assetdb/momr-september-2025.pdf,official,12,61,active,Official PDF and appendix
2025-08-01,2025-07-01,https://www.opec.org/assets/assetdb/momr-appendix-august-2025.xlsx,https://www.opec.org/assets/assetdb/momr-august-2025.pdf,official,12,61,active,Official PDF and appendix
2025-07-01,2025-06-01,https://www.opec.org/assets/assetdb/momr-appendix-july-2025.xlsx,https://www.opec.org/assets/assetdb/momr-july-2025.pdf,official,12,61,active,Official PDF and appendix
2025-06-01,2025-05-01,https://www.opec.org/assets/assetdb/momr-appendix-june-2025.xlsx,https://www.opec.org/assets/assetdb/momr-june-2025.pdf,official,12,61,active,Official PDF and appendix
2025-05-01,2025-04-01,https://www.opec.org/assets/assetdb/momr-appendix-may-2025.xlsx,https://www.opec.org/assets/assetdb/momr-may-2025.pdf,official,12,61,active,Official PDF and appendix
2025-04-01,2025-03-01,https://www.opec.org/assets/assetdb/momr-appendix-april-2025.xlsx,https://www.opec.org/assets/assetdb/momr-april-2025.pdf,official_candidate,NA,NA,candidate,Generated from OPEC MOMR archive URL convention; verify parser compatibility before activation.
2025-03-01,2025-02-01,https://www.opec.org/assets/assetdb/momr-appendix-march-2025.xlsx,https://www.opec.org/assets/assetdb/momr-march-2025.pdf,official_candidate,NA,NA,candidate,Generated from OPEC MOMR archive URL convention; verify parser compatibility before activation.
2025-02-01,2025-01-01,https://www.opec.org/assets/assetdb/momr-appendix-february-2025.xlsx,https://www.opec.org/assets/assetdb/momr-february-2025.pdf,official_candidate,NA,NA,candidate,Generated from OPEC MOMR archive URL convention; verify parser compatibility before activation.
2025-01-01,2024-12-01,https://www.opec.org/assets/assetdb/momr-appendix-january-2025.xlsx,https://www.opec.org/assets/assetdb/momr-january-2025.pdf,official_candidate,NA,NA,candidate,Generated from OPEC MOMR archive URL convention; verify parser compatibility before activation.
2024-12-01,2024-11-01,https://www.opec.org/assets/assetdb/momr-appendix-december-2024.xlsx,https://www.opec.org/assets/assetdb/momr-december-2024.pdf,official_candidate,NA,NA,candidate,Generated from OPEC MOMR archive URL convention; verify parser compatibility before activation.
2024-11-01,2024-10-01,https://www.opec.org/assets/assetdb/momr-appendix-november-2024.xlsx,https://www.opec.org/assets/assetdb/momr-november-2024.pdf,official,NA,NA,active,Validated with the current production and price parsers.
2024-10-01,2024-09-01,https://www.opec.org/assets/assetdb/momr-appendix-october-2024.xlsx,https://www.opec.org/assets/assetdb/momr-october-2024.pdf,official,NA,NA,active,Validated with the current production and price parsers.
2024-09-01,2024-08-01,https://www.opec.org/assets/assetdb/momr-appendix-september-2024.xlsx,https://www.opec.org/assets/assetdb/momr-september-2024.pdf,official,NA,NA,active,Validated with the current production and price parsers.
2024-08-01,2024-07-01,https://www.opec.org/assets/assetdb/momr-appendix-august-2024.xlsx,https://www.opec.org/assets/assetdb/momr-august-2024.pdf,official,NA,NA,active,Validated with the current production and price parsers.
2024-07-01,2024-06-01,https://www.opec.org/assets/assetdb/momr-appendix-july-2024.xlsx,https://www.opec.org/assets/assetdb/momr-july-2024.pdf,official,NA,NA,active,Validated with the current production and price parsers.
2024-06-01,2024-05-01,https://www.opec.org/assets/assetdb/momr-appendix-june-2024.xlsx,https://www.opec.org/assets/assetdb/momr-june-2024.pdf,official,NA,NA,active,Validated with the current production and price parsers.
2024-05-01,2024-04-01,https://www.opec.org/assets/assetdb/momr-appendix-may-2024.xlsx,https://www.opec.org/assets/assetdb/momr-may-2024.pdf,official,NA,NA,active,Validated with the current production and price parsers.
2024-04-01,2024-03-01,https://www.opec.org/assets/assetdb/momr-appendix-april-2024.xlsx,https://www.opec.org/assets/assetdb/momr-april-2024.pdf,official_candidate,NA,NA,candidate,Generated from OPEC MOMR archive URL convention; verify parser compatibility before activation.
2024-03-01,2024-02-01,https://www.opec.org/assets/assetdb/momr-appendix-march-2024.xlsx,https://www.opec.org/assets/assetdb/momr-march-2024.pdf,official_candidate,NA,NA,candidate,Generated from OPEC MOMR archive URL convention; verify parser compatibility before activation.
2024-02-01,2024-01-01,https://www.opec.org/assets/assetdb/momr-appendix-february-2024.xlsx,https://www.opec.org/assets/assetdb/momr-february-2024.pdf,official_candidate,NA,NA,candidate,Generated from OPEC MOMR archive URL convention; verify parser compatibility before activation.
2024-01-01,2023-12-01,https://www.opec.org/assets/assetdb/momr-appendix-january-2024.xlsx,https://www.opec.org/assets/assetdb/momr-january-2024.pdf,official_candidate,NA,NA,candidate,Generated from OPEC MOMR archive URL convention; verify parser compatibility before activation.
2023-12-01,2023-11-01,https://www.opec.org/assets/assetdb/momr-appendix-december-2023.xlsx,https://www.opec.org/assets/assetdb/momr-december-2023.pdf,official_candidate,NA,NA,candidate,Generated from OPEC MOMR archive URL convention; verify parser compatibility before activation.
2023-11-01,2023-10-01,https://www.opec.org/assets/assetdb/momr-appendix-november-2023.xlsx,https://www.opec.org/assets/assetdb/momr-november-2023.pdf,official_candidate,NA,NA,candidate,Generated from OPEC MOMR archive URL convention; verify parser compatibility before activation.
2023-10-01,2023-09-01,https://www.opec.org/assets/assetdb/momr-appendix-october-2023.xlsx,https://www.opec.org/assets/assetdb/momr-october-2023.pdf,official_candidate,NA,NA,candidate,Generated from OPEC MOMR archive URL convention; verify parser compatibility before activation.
2023-09-01,2023-08-01,https://www.opec.org/assets/assetdb/momr-appendix-september-2023.xlsx,https://www.opec.org/assets/assetdb/momr-september-2023.pdf,official_candidate,NA,NA,candidate,Generated from OPEC MOMR archive URL convention; verify parser compatibility before activation.
2023-08-01,2023-07-01,https://www.opec.org/assets/assetdb/momr-appendix-august-2023.xlsx,https://www.opec.org/assets/assetdb/momr-august-2023.pdf,official_candidate,NA,NA,candidate,Generated from OPEC MOMR archive URL convention; verify parser compatibility before activation.
2023-07-01,2023-06-01,https://www.opec.org/assets/assetdb/momr-appendix-july-2023.xlsx,https://www.opec.org/assets/assetdb/momr-july-2023.pdf,official_candidate,NA,NA,candidate,Generated from OPEC MOMR archive URL convention; verify parser compatibility before activation.
2023-06-01,2023-05-01,https://www.opec.org/assets/assetdb/momr-appendix-june-2023.xlsx,https://www.opec.org/assets/assetdb/momr-june-2023.pdf,official_candidate,NA,NA,candidate,Generated from OPEC MOMR archive URL convention; verify parser compatibility before activation.
2023-05-01,2023-04-01,https://www.opec.org/assets/assetdb/momr-appendix-may-2023.xlsx,https://www.opec.org/assets/assetdb/momr-may-2023.pdf,official_candidate,NA,NA,candidate,Generated from OPEC MOMR archive URL convention; verify parser compatibility before activation.
2023-04-01,2023-03-01,https://www.opec.org/assets/assetdb/momr-appendix-april-2023.xlsx,https://www.opec.org/assets/assetdb/momr-april-2023.pdf,official_candidate,NA,NA,candidate,Generated from OPEC MOMR archive URL convention; verify parser compatibility before activation.
2023-03-01,2023-02-01,https://www.opec.org/assets/assetdb/momr-appendix-march-2023.xlsx,https://www.opec.org/assets/assetdb/momr-march-2023.pdf,official_candidate,NA,NA,candidate,Generated from OPEC MOMR archive URL convention; verify parser compatibility before activation.
2023-02-01,2023-01-01,https://www.opec.org/assets/assetdb/momr-appendix-february-2023.xlsx,https://www.opec.org/assets/assetdb/momr-february-2023.pdf,official_candidate,NA,NA,candidate,Generated from OPEC MOMR archive URL convention; verify parser compatibility before activation.
2023-01-01,2022-12-01,https://www.opec.org/assets/assetdb/momr-appendix-january-2023.xlsx,https://www.opec.org/assets/assetdb/momr-january-2023.pdf,official_candidate,NA,NA,candidate,Generated from OPEC MOMR archive URL convention; verify parser compatibility before activation.
2022-12-01,2022-11-01,https://www.opec.org/assets/assetdb/momr-appendix-december-2022.xlsx,https://www.opec.org/assets/assetdb/momr-december-2022.pdf,official_candidate,NA,NA,candidate,Generated from OPEC MOMR archive URL convention; verify parser compatibility before activation.
2022-11-01,2022-10-01,https://www.opec.org/assets/assetdb/momr-appendix-november-2022.xlsx,https://www.opec.org/assets/assetdb/momr-november-2022.pdf,official_candidate,NA,NA,candidate,Generated from OPEC MOMR archive URL convention; verify parser compatibility before activation.
2022-10-01,2022-09-01,https://www.opec.org/assets/assetdb/momr-appendix-october-2022.xlsx,https://www.opec.org/assets/assetdb/momr-october-2022.pdf,official_candidate,NA,NA,candidate,Generated from OPEC MOMR archive URL convention; verify parser compatibility before activation.
2022-09-01,2022-08-01,https://www.opec.org/assets/assetdb/momr-appendix-september-2022.xlsx,https://www.opec.org/assets/assetdb/momr-september-2022.pdf,official_candidate,NA,NA,candidate,Generated from OPEC MOMR archive URL convention; verify parser compatibility before activation.
2022-08-01,2022-07-01,https://www.opec.org/assets/assetdb/momr-appendix-august-2022.xlsx,https://www.opec.org/assets/assetdb/momr-august-2022.pdf,official_candidate,NA,NA,candidate,Generated from OPEC MOMR archive URL convention; verify parser compatibility before activation.
2022-07-01,2022-06-01,https://www.opec.org/assets/assetdb/momr-appendix-july-2022.xlsx,https://www.opec.org/assets/assetdb/momr-july-2022.pdf,official_candidate,NA,NA,candidate,Generated from OPEC MOMR archive URL convention; verify parser compatibility before activation.
2022-06-01,2022-05-01,https://www.opec.org/assets/assetdb/momr-appendix-june-2022.xlsx,https://www.opec.org/assets/assetdb/momr-june-2022.pdf,official_candidate,NA,NA,candidate,Generated from OPEC MOMR archive URL convention; verify parser compatibility before activation.
2022-05-01,2022-04-01,https://www.opec.org/assets/assetdb/momr-appendix-may-2022.xlsx,https://www.opec.org/assets/assetdb/momr-may-2022.pdf,official_candidate,NA,NA,candidate,Generated from OPEC MOMR archive URL convention; verify parser compatibility before activation.
2022-04-01,2022-03-01,https://www.opec.org/assets/assetdb/momr-appendix-april-2022.xlsx,https://www.opec.org/assets/assetdb/momr-april-2022.pdf,official_candidate,NA,NA,candidate,Generated from OPEC MOMR archive URL convention; verify parser compatibility before activation.
2022-03-01,2022-02-01,https://www.opec.org/assets/assetdb/momr-appendix-march-2022.xlsx,https://www.opec.org/assets/assetdb/momr-march-2022.pdf,official_candidate,NA,NA,candidate,Generated from OPEC MOMR archive URL convention; verify parser compatibility before activation.
2022-02-01,2022-01-01,https://www.opec.org/assets/assetdb/momr-appendix-february-2022.xlsx,https://www.opec.org/assets/assetdb/momr-february-2022.pdf,official_candidate,NA,NA,candidate,Generated from OPEC MOMR archive URL convention; verify parser compatibility before activation.
2022-01-01,2021-12-01,https://www.opec.org/assets/assetdb/momr-appendix-january-2022.xlsx,https://www.opec.org/assets/assetdb/momr-january-2022.pdf,official_candidate,NA,NA,candidate,Generated from OPEC MOMR archive URL convention; verify parser compatibility before activation.
2021-12-01,2021-11-01,https://www.opec.org/assets/assetdb/momr-appendix-december-2021.xlsx,https://www.opec.org/assets/assetdb/momr-december-2021.pdf,official_candidate,NA,NA,candidate,Generated from OPEC MOMR archive URL convention; verify parser compatibility before activation.
2021-11-01,2021-10-01,https://www.opec.org/assets/assetdb/momr-appendix-november-2021.xlsx,https://www.opec.org/assets/assetdb/momr-november-2021.pdf,official_candidate,NA,NA,candidate,Generated from OPEC MOMR archive URL convention; verify parser compatibility before activation.
2021-10-01,2021-09-01,https://www.opec.org/assets/assetdb/momr-appendix-october-2021.xlsx,https://www.opec.org/assets/assetdb/momr-october-2021.pdf,official_candidate,NA,NA,candidate,Generated from OPEC MOMR archive URL convention; verify parser compatibility before activation.
2021-09-01,2021-08-01,https://www.opec.org/assets/assetdb/momr-appendix-september-2021.xlsx,https://www.opec.org/assets/assetdb/momr-september-2021.pdf,official_candidate,NA,NA,candidate,Generated from OPEC MOMR archive URL convention; verify parser compatibility before activation.
2021-08-01,2021-07-01,https://www.opec.org/assets/assetdb/momr-appendix-august-2021.xlsx,https://www.opec.org/assets/assetdb/momr-august-2021.pdf,official_candidate,NA,NA,candidate,Generated from OPEC MOMR archive URL convention; verify parser compatibility before activation.
2021-07-01,2021-06-01,https://www.opec.org/assets/assetdb/momr-appendix-july-2021.xlsx,https://www.opec.org/assets/assetdb/momr-july-2021.pdf,official_candidate,NA,NA,candidate,Generated from OPEC MOMR archive URL convention; verify parser compatibility before activation.
2021-06-01,2021-05-01,https://www.opec.org/assets/assetdb/momr-appendix-june-2021.xlsx,https://www.opec.org/assets/assetdb/momr-june-2021.pdf,official_candidate,NA,NA,candidate,Generated from OPEC MOMR archive URL convention; verify parser compatibility before activation.
2021-05-01,2021-04-01,https://www.opec.org/assets/assetdb/momr-appendix-may-2021.xlsx,https://www.opec.org/assets/assetdb/momr-may-2021.pdf,official_candidate,NA,NA,candidate,Generated from OPEC MOMR archive URL convention; verify parser compatibility before activation.
2021-04-01,2021-03-01,https://www.opec.org/assets/assetdb/momr-appendix-april-2021.xlsx,https://www.opec.org/assets/assetdb/momr-april-2021.pdf,official_candidate,NA,NA,candidate,Generated from OPEC MOMR archive URL convention; verify parser compatibility before activation.
2021-03-01,2021-02-01,https://www.opec.org/assets/assetdb/momr-appendix-march-2021.xlsx,https://www.opec.org/assets/assetdb/momr-march-2021.pdf,official_candidate,NA,NA,candidate,Generated from OPEC MOMR archive URL convention; verify parser compatibility before activation.
2021-02-01,2021-01-01,https://www.opec.org/assets/assetdb/momr-appendix-february-2021.xlsx,https://www.opec.org/assets/assetdb/momr-february-2021.pdf,official_candidate,NA,NA,candidate,Generated from OPEC MOMR archive URL convention; verify parser compatibility before activation.
2021-01-01,2020-12-01,https://www.opec.org/assets/assetdb/momr-appendix-january-2021.xlsx,https://www.opec.org/assets/assetdb/momr-january-2021.pdf,official_candidate,NA,NA,candidate,Generated from OPEC MOMR archive URL convention; verify parser compatibility before activation.
2020-12-01,2020-11-01,https://www.opec.org/assets/assetdb/momr-appendix-december-2020.xlsx,https://www.opec.org/assets/assetdb/momr-december-2020.pdf,official_candidate,NA,NA,candidate,Generated from OPEC MOMR archive URL convention; verify parser compatibility before activation.
2020-11-01,2020-10-01,https://www.opec.org/assets/assetdb/momr-appendix-november-2020.xlsx,https://www.opec.org/assets/assetdb/momr-november-2020.pdf,official_candidate,NA,NA,candidate,Generated from OPEC MOMR archive URL convention; verify parser compatibility before activation.
2020-10-01,2020-09-01,https://www.opec.org/assets/assetdb/momr-appendix-october-2020.xlsx,https://www.opec.org/assets/assetdb/momr-october-2020.pdf,official_candidate,NA,NA,candidate,Generated from OPEC MOMR archive URL convention; verify parser compatibility before activation.
2020-09-01,2020-08-01,https://www.opec.org/assets/assetdb/momr-appendix-september-2020.xlsx,https://www.opec.org/assets/assetdb/momr-september-2020.pdf,official_candidate,NA,NA,candidate,Generated from OPEC MOMR archive URL convention; verify parser compatibility before activation.
2020-08-01,2020-07-01,https://www.opec.org/assets/assetdb/momr-appendix-august-2020.xlsx,https://www.opec.org/assets/assetdb/momr-august-2020.pdf,official_candidate,NA,NA,candidate,Generated from OPEC MOMR archive URL convention; verify parser compatibility before activation.
2020-07-01,2020-06-01,https://www.opec.org/assets/assetdb/momr-appendix-july-2020.xlsx,https://www.opec.org/assets/assetdb/momr-july-2020.pdf,official_candidate,NA,NA,candidate,Generated from OPEC MOMR archive URL convention; verify parser compatibility before activation.
2020-06-01,2020-05-01,https://www.opec.org/assets/assetdb/momr-appendix-june-2020.xlsx,https://www.opec.org/assets/assetdb/momr-june-2020.pdf,official_candidate,NA,NA,candidate,Generated from OPEC MOMR archive URL convention; verify parser compatibility before activation.
2020-05-01,2020-04-01,https://www.opec.org/assets/assetdb/momr-appendix-may-2020.xlsx,https://www.opec.org/assets/assetdb/momr-may-2020.pdf,official_candidate,NA,NA,candidate,Generated from OPEC MOMR archive URL convention; verify parser compatibility before activation.
2020-04-01,2020-03-01,https://www.opec.org/assets/assetdb/momr-appendix-april-2020.xlsx,https://www.opec.org/assets/assetdb/momr-april-2020.pdf,official_candidate,NA,NA,candidate,Generated from OPEC MOMR archive URL convention; verify parser compatibility before activation.
2020-03-01,2020-02-01,https://www.opec.org/assets/assetdb/momr-appendix-march-2020.xlsx,https://www.opec.org/assets/assetdb/momr-march-2020.pdf,official_candidate,NA,NA,candidate,Generated from OPEC MOMR archive URL convention; verify parser compatibility before activation.
2020-02-01,2020-01-01,https://www.opec.org/assets/assetdb/momr-appendix-february-2020.xlsx,https://www.opec.org/assets/assetdb/momr-february-2020.pdf,official_candidate,NA,NA,candidate,Generated from OPEC MOMR archive URL convention; verify parser compatibility before activation.
2020-01-01,2019-12-01,https://www.opec.org/assets/assetdb/momr-appendix-january-2020.xlsx,https://www.opec.org/assets/assetdb/momr-january-2020.pdf,official_candidate,NA,NA,candidate,Generated from OPEC MOMR archive URL convention; verify parser compatibility before activation.
2019-12-01,2019-11-01,https://www.opec.org/assets/assetdb/momr-appendix-december-2019.xlsx,https://www.opec.org/assets/assetdb/momr-december-2019.pdf,official_candidate,NA,NA,candidate,Generated from OPEC MOMR archive URL convention; verify parser compatibility before activation.
2019-11-01,2019-10-01,https://www.opec.org/assets/assetdb/momr-appendix-november-2019.xlsx,https://www.opec.org/assets/assetdb/momr-november-2019.pdf,official_candidate,NA,NA,candidate,Generated from OPEC MOMR archive URL convention; verify parser compatibility before activation.
2019-10-01,2019-09-01,https://www.opec.org/assets/assetdb/momr-appendix-october-2019.xlsx,https://www.opec.org/assets/assetdb/momr-october-2019.pdf,official_candidate,NA,NA,candidate,Generated from OPEC MOMR archive URL convention; verify parser compatibility before activation.
2019-09-01,2019-08-01,https://www.opec.org/assets/assetdb/momr-appendix-september-2019.xlsx,https://www.opec.org/assets/assetdb/momr-september-2019.pdf,official_candidate,NA,NA,candidate,Generated from OPEC MOMR archive URL convention; verify parser compatibility before activation.
2019-08-01,2019-07-01,https://www.opec.org/assets/assetdb/momr-appendix-august-2019.xlsx,https://www.opec.org/assets/assetdb/momr-august-2019.pdf,official_candidate,NA,NA,candidate,Generated from OPEC MOMR archive URL convention; verify parser compatibility before activation.
2019-07-01,2019-06-01,https://www.opec.org/assets/assetdb/momr-appendix-july-2019.xlsx,https://www.opec.org/assets/assetdb/momr-july-2019.pdf,official_candidate,NA,NA,candidate,Generated from OPEC MOMR archive URL convention; verify parser compatibility before activation.
2019-06-01,2019-05-01,https://www.opec.org/assets/assetdb/momr-appendix-june-2019.xlsx,https://www.opec.org/assets/assetdb/momr-june-2019.pdf,official_candidate,NA,NA,candidate,Generated from OPEC MOMR archive URL convention; verify parser compatibility before activation.
2019-05-01,2019-04-01,https://www.opec.org/assets/assetdb/momr-appendix-may-2019.xlsx,https://www.opec.org/assets/assetdb/momr-may-2019.pdf,official_candidate,NA,NA,candidate,Generated from OPEC MOMR archive URL convention; verify parser compatibility before activation.
2019-04-01,2019-03-01,https://www.opec.org/assets/assetdb/momr-appendix-april-2019.xlsx,https://www.opec.org/assets/assetdb/momr-april-2019.pdf,official_candidate,NA,NA,candidate,Generated from OPEC MOMR archive URL convention; verify parser compatibility before activation.
2019-03-01,2019-02-01,https://www.opec.org/assets/assetdb/momr-appendix-march-2019.xlsx,https://www.opec.org/assets/assetdb/momr-march-2019.pdf,official_candidate,NA,NA,candidate,Generated from OPEC MOMR archive URL convention; verify parser compatibility before activation.
2019-02-01,2019-01-01,https://www.opec.org/assets/assetdb/momr-appendix-february-2019.xlsx,https://www.opec.org/assets/assetdb/momr-february-2019.pdf,official_candidate,NA,NA,candidate,Generated from OPEC MOMR archive URL convention; verify parser compatibility before activation.
2019-01-01,2018-12-01,NA,https://www.opec.org/assets/assetdb/momr-january-2019.pdf,official_candidate,NA,NA,candidate,Generated from OPEC MOMR archive URL convention; verify parser compatibility before activation.
2018-12-01,2018-11-01,NA,https://www.opec.org/assets/assetdb/momr-december-2018.pdf,official_candidate,NA,NA,candidate,Generated from OPEC MOMR archive URL convention; verify parser compatibility before activation.
2018-11-01,2018-10-01,NA,https://www.opec.org/assets/assetdb/momr-november-2018.pdf,official_candidate,NA,NA,candidate,Generated from OPEC MOMR archive URL convention; verify parser compatibility before activation.
2018-10-01,2018-09-01,NA,https://www.opec.org/assets/assetdb/momr-october-2018.pdf,official_candidate,NA,NA,candidate,Generated from OPEC MOMR archive URL convention; verify parser compatibility before activation.
2018-09-01,2018-08-01,NA,https://www.opec.org/assets/assetdb/momr-september-2018.pdf,official_candidate,NA,NA,candidate,Generated from OPEC MOMR archive URL convention; verify parser compatibility before activation.
2018-08-01,2018-07-01,NA,https://www.opec.org/assets/assetdb/momr-august-2018.pdf,official_candidate,NA,NA,candidate,Generated from OPEC MOMR archive URL convention; verify parser compatibility before activation.
2018-07-01,2018-06-01,NA,https://www.opec.org/assets/assetdb/momr-july-2018.pdf,official_candidate,NA,NA,candidate,Generated from OPEC MOMR archive URL convention; verify parser compatibility before activation.
2018-06-01,2018-05-01,NA,https://www.opec.org/assets/assetdb/momr-june-2018.pdf,official_candidate,NA,NA,candidate,Generated from OPEC MOMR archive URL convention; verify parser compatibility before activation.
2018-05-01,2018-04-01,NA,https://www.opec.org/assets/assetdb/momr-may-2018.pdf,official_candidate,NA,NA,candidate,Generated from OPEC MOMR archive URL convention; verify parser compatibility before activation.
2018-04-01,2018-03-01,NA,https://www.opec.org/assets/assetdb/momr-april-2018.pdf,official_candidate,NA,NA,candidate,Generated from OPEC MOMR archive URL convention; verify parser compatibility before activation.
2018-03-01,2018-02-01,NA,https://www.opec.org/assets/assetdb/momr-march-2018.pdf,official_candidate,NA,NA,candidate,Generated from OPEC MOMR archive URL convention; verify parser compatibility before activation.
2018-02-01,2018-01-01,NA,https://www.opec.org/assets/assetdb/momr-february-2018.pdf,official_candidate,NA,NA,candidate,Generated from OPEC MOMR archive URL convention; verify parser compatibility before activation.
2018-01-01,2017-12-01,NA,https://www.opec.org/assets/assetdb/momr-january-2018.pdf,official_candidate,NA,NA,candidate,Generated from OPEC MOMR archive URL convention; verify parser compatibility before activation.
2017-12-01,2017-11-01,NA,https://www.opec.org/assets/assetdb/momr-december-2017.pdf,official_candidate,NA,NA,candidate,Generated from OPEC MOMR archive URL convention; verify parser compatibility before activation.
2017-11-01,2017-10-01,NA,https://www.opec.org/assets/assetdb/momr-november-2017.pdf,official_candidate,NA,NA,candidate,Generated from OPEC MOMR archive URL convention; verify parser compatibility before activation.
2017-10-01,2017-09-01,NA,https://www.opec.org/assets/assetdb/momr-october-2017.pdf,official_candidate,NA,NA,candidate,Generated from OPEC MOMR archive URL convention; verify parser compatibility before activation.
2017-09-01,2017-08-01,NA,https://www.opec.org/assets/assetdb/momr-september-2017.pdf,official_candidate,NA,NA,candidate,Generated from OPEC MOMR archive URL convention; verify parser compatibility before activation.
2017-08-01,2017-07-01,NA,https://www.opec.org/assets/assetdb/momr-august-2017.pdf,official_candidate,NA,NA,candidate,Generated from OPEC MOMR archive URL convention; verify parser compatibility before activation.
2017-07-01,2017-06-01,NA,https://www.opec.org/assets/assetdb/momr-july-2017.pdf,official_candidate,NA,NA,candidate,Generated from OPEC MOMR archive URL convention; verify parser compatibility before activation.
2017-06-01,2017-05-01,NA,https://www.opec.org/assets/assetdb/momr-june-2017.pdf,official_candidate,NA,NA,candidate,Generated from OPEC MOMR archive URL convention; verify parser compatibility before activation.
2017-05-01,2017-04-01,NA,https://www.opec.org/assets/assetdb/momr-may-2017.pdf,official_candidate,NA,NA,candidate,Generated from OPEC MOMR archive URL convention; verify parser compatibility before activation.
2017-04-01,2017-03-01,NA,https://www.opec.org/assets/assetdb/momr-april-2017.pdf,official_candidate,NA,NA,candidate,Generated from OPEC MOMR archive URL convention; verify parser compatibility before activation.
2017-03-01,2017-02-01,NA,https://www.opec.org/assets/assetdb/momr-march-2017.pdf,official_candidate,NA,NA,candidate,Generated from OPEC MOMR archive URL convention; verify parser compatibility before activation.
2017-02-01,2017-01-01,NA,https://www.opec.org/assets/assetdb/momr-february-2017.pdf,official_candidate,NA,NA,candidate,Generated from OPEC MOMR archive URL convention; verify parser compatibility before activation.
2017-01-01,2016-12-01,NA,https://www.opec.org/assets/assetdb/momr-january-2017.pdf,official_candidate,NA,NA,candidate,Generated from OPEC MOMR archive URL convention; verify parser compatibility before activation.
2016-12-01,2016-11-01,NA,https://www.opec.org/assets/assetdb/momr-december-2016.pdf,official_candidate,NA,NA,candidate,Generated from OPEC MOMR archive URL convention; verify parser compatibility before activation.
2016-11-01,2016-10-01,NA,https://www.opec.org/assets/assetdb/momr-november-2016.pdf,official_candidate,NA,NA,candidate,Generated from OPEC MOMR archive URL convention; verify parser compatibility before activation.
2016-10-01,2016-09-01,NA,https://www.opec.org/assets/assetdb/momr-october-2016.pdf,official_candidate,NA,NA,candidate,Generated from OPEC MOMR archive URL convention; verify parser compatibility before activation.
2016-09-01,2016-08-01,NA,https://www.opec.org/assets/assetdb/momr-september-2016.pdf,official_candidate,NA,NA,candidate,Generated from OPEC MOMR archive URL convention; verify parser compatibility before activation.
2016-08-01,2016-07-01,NA,https://www.opec.org/assets/assetdb/momr-august-2016.pdf,official_candidate,NA,NA,candidate,Generated from OPEC MOMR archive URL convention; verify parser compatibility before activation.
2016-07-01,2016-06-01,NA,https://www.opec.org/assets/assetdb/momr-july-2016.pdf,official_candidate,NA,NA,candidate,Generated from OPEC MOMR archive URL convention; verify parser compatibility before activation.
2016-06-01,2016-05-01,NA,https://www.opec.org/assets/assetdb/momr-june-2016.pdf,official_candidate,NA,NA,candidate,Generated from OPEC MOMR archive URL convention; verify parser compatibility before activation.
2016-05-01,2016-04-01,NA,https://www.opec.org/assets/assetdb/momr-may-2016.pdf,official_candidate,NA,NA,candidate,Generated from OPEC MOMR archive URL convention; verify parser compatibility before activation.
2016-04-01,2016-03-01,NA,https://www.opec.org/assets/assetdb/momr-april-2016.pdf,official_candidate,NA,NA,candidate,Generated from OPEC MOMR archive URL convention; verify parser compatibility before activation.
2016-03-01,2016-02-01,NA,https://www.opec.org/assets/assetdb/momr-march-2016.pdf,official_candidate,NA,NA,candidate,Generated from OPEC MOMR archive URL convention; verify parser compatibility before activation.
2016-02-01,2016-01-01,NA,https://www.opec.org/assets/assetdb/momr-february-2016.pdf,official_candidate,NA,NA,candidate,Generated from OPEC MOMR archive URL convention; verify parser compatibility before activation.
2016-01-01,2015-12-01,NA,https://www.opec.org/assets/assetdb/momr-january-2016.pdf,official_candidate,NA,NA,candidate,Generated from OPEC MOMR archive URL convention; verify parser compatibility before activation.
2015-12-01,2015-11-01,NA,https://www.opec.org/assets/assetdb/momr-december-2015.pdf,official_candidate,NA,NA,candidate,Generated from OPEC MOMR archive URL convention; verify parser compatibility before activation.
2015-11-01,2015-10-01,NA,https://www.opec.org/assets/assetdb/momr-november-2015.pdf,official_candidate,NA,NA,candidate,Generated from OPEC MOMR archive URL convention; verify parser compatibility before activation.
2015-10-01,2015-09-01,NA,https://www.opec.org/assets/assetdb/momr-october-2015.pdf,official_candidate,NA,NA,candidate,Generated from OPEC MOMR archive URL convention; verify parser compatibility before activation.
2015-09-01,2015-08-01,NA,https://www.opec.org/assets/assetdb/momr-september-2015.pdf,official_candidate,NA,NA,candidate,Generated from OPEC MOMR archive URL convention; verify parser compatibility before activation.
2015-08-01,2015-07-01,NA,https://www.opec.org/assets/assetdb/momr-august-2015.pdf,official_candidate,NA,NA,candidate,Generated from OPEC MOMR archive URL convention; verify parser compatibility before activation.
2015-07-01,2015-06-01,NA,https://www.opec.org/assets/assetdb/momr-july-2015.pdf,official_candidate,NA,NA,candidate,Generated from OPEC MOMR archive URL convention; verify parser compatibility before activation.
2015-06-01,2015-05-01,NA,https://www.opec.org/assets/assetdb/momr-june-2015.pdf,official_candidate,NA,NA,candidate,Generated from OPEC MOMR archive URL convention; verify parser compatibility before activation.
2015-05-01,2015-04-01,NA,https://www.opec.org/assets/assetdb/momr-may-2015.pdf,official_candidate,NA,NA,candidate,Generated from OPEC MOMR archive URL convention; verify parser compatibility before activation.
2015-04-01,2015-03-01,NA,https://www.opec.org/assets/assetdb/momr-april-2015.pdf,official_candidate,NA,NA,candidate,Generated from OPEC MOMR archive URL convention; verify parser compatibility before activation.
2015-03-01,2015-02-01,NA,https://www.opec.org/assets/assetdb/momr-march-2015.pdf,official_candidate,NA,NA,candidate,Generated from OPEC MOMR archive URL convention; verify parser compatibility before activation.
2015-02-01,2015-01-01,NA,https://www.opec.org/assets/assetdb/momr-february-2015.pdf,official_candidate,NA,NA,candidate,Generated from OPEC MOMR archive URL convention; verify parser compatibility before activation.
2015-01-01,2014-12-01,NA,https://www.opec.org/assets/assetdb/momr-january-2015.pdf,official_candidate,NA,NA,candidate,Generated from OPEC MOMR archive URL convention; verify parser compatibility before activation.
2014-12-01,2014-11-01,NA,https://www.opec.org/assets/assetdb/momr-december-2014.pdf,official_candidate,NA,NA,candidate,Generated from OPEC MOMR archive URL convention; verify parser compatibility before activation.
2014-11-01,2014-10-01,NA,https://www.opec.org/assets/assetdb/momr-november-2014.pdf,official_candidate,NA,NA,candidate,Generated from OPEC MOMR archive URL convention; verify parser compatibility before activation.
2014-10-01,2014-09-01,NA,https://www.opec.org/assets/assetdb/momr-october-2014.pdf,official_candidate,NA,NA,candidate,Generated from OPEC MOMR archive URL convention; verify parser compatibility before activation.
2014-09-01,2014-08-01,NA,https://www.opec.org/assets/assetdb/momr-september-2014.pdf,official_candidate,NA,NA,candidate,Generated from OPEC MOMR archive URL convention; verify parser compatibility before activation.
2014-08-01,2014-07-01,NA,https://www.opec.org/assets/assetdb/momr-august-2014.pdf,official_candidate,NA,NA,candidate,Generated from OPEC MOMR archive URL convention; verify parser compatibility before activation.
2014-07-01,2014-06-01,NA,https://www.opec.org/assets/assetdb/momr-july-2014.pdf,official_candidate,NA,NA,candidate,Generated from OPEC MOMR archive URL convention; verify parser compatibility before activation.
2014-06-01,2014-05-01,NA,https://www.opec.org/assets/assetdb/momr-june-2014.pdf,official_candidate,NA,NA,candidate,Generated from OPEC MOMR archive URL convention; verify parser compatibility before activation.
2014-05-01,2014-04-01,NA,https://www.opec.org/assets/assetdb/momr-may-2014.pdf,official_candidate,NA,NA,candidate,Generated from OPEC MOMR archive URL convention; verify parser compatibility before activation.
2014-04-01,2014-03-01,NA,https://www.opec.org/assets/assetdb/momr-april-2014.pdf,official_candidate,NA,NA,candidate,Generated from OPEC MOMR archive URL convention; verify parser compatibility before activation.
2014-03-01,2014-02-01,NA,https://www.opec.org/assets/assetdb/momr-march-2014.pdf,official_candidate,NA,NA,candidate,Generated from OPEC MOMR archive URL convention; verify parser compatibility before activation.
2014-02-01,2014-01-01,NA,https://www.opec.org/assets/assetdb/momr-february-2014.pdf,official_candidate,NA,NA,candidate,Generated from OPEC MOMR archive URL convention; verify parser compatibility before activation.
2014-01-01,2013-12-01,NA,https://www.opec.org/assets/assetdb/momr-january-2014.pdf,official_candidate,NA,NA,candidate,Generated from OPEC MOMR archive URL convention; verify parser compatibility before activation.
2013-12-01,2013-11-01,NA,https://www.opec.org/assets/assetdb/momr-december-2013.pdf,official_candidate,NA,NA,candidate,Generated from OPEC MOMR archive URL convention; verify parser compatibility before activation.
2013-11-01,2013-10-01,NA,https://www.opec.org/assets/assetdb/momr-november-2013.pdf,official_candidate,NA,NA,candidate,Generated from OPEC MOMR archive URL convention; verify parser compatibility before activation.
2013-10-01,2013-09-01,NA,https://www.opec.org/assets/assetdb/momr-october-2013.pdf,official_candidate,NA,NA,candidate,Generated from OPEC MOMR archive URL convention; verify parser compatibility before activation.
2013-09-01,2013-08-01,NA,https://www.opec.org/assets/assetdb/momr-september-2013.pdf,official_candidate,NA,NA,candidate,Generated from OPEC MOMR archive URL convention; verify parser compatibility before activation.
2013-08-01,2013-07-01,NA,https://www.opec.org/assets/assetdb/momr-august-2013.pdf,official_candidate,NA,NA,candidate,Generated from OPEC MOMR archive URL convention; verify parser compatibility before activation.
2013-07-01,2013-06-01,NA,https://www.opec.org/assets/assetdb/momr-july-2013.pdf,official_candidate,NA,NA,candidate,Generated from OPEC MOMR archive URL convention; verify parser compatibility before activation.
2013-06-01,2013-05-01,NA,https://www.opec.org/assets/assetdb/momr-june-2013.pdf,official_candidate,NA,NA,candidate,Generated from OPEC MOMR archive URL convention; verify parser compatibility before activation.
2013-05-01,2013-04-01,NA,https://www.opec.org/assets/assetdb/momr-may-2013.pdf,official_candidate,NA,NA,candidate,Generated from OPEC MOMR archive URL convention; verify parser compatibility before activation.
2013-04-01,2013-03-01,NA,https://www.opec.org/assets/assetdb/momr-april-2013.pdf,official_candidate,NA,NA,candidate,Generated from OPEC MOMR archive URL convention; verify parser compatibility before activation.
2013-03-01,2013-02-01,NA,https://www.opec.org/assets/assetdb/momr-march-2013.pdf,official_candidate,NA,NA,candidate,Generated from OPEC MOMR archive URL convention; verify parser compatibility before activation.
2013-02-01,2013-01-01,NA,https://www.opec.org/assets/assetdb/momr-february-2013.pdf,official_candidate,NA,NA,candidate,Generated from OPEC MOMR archive URL convention; verify parser compatibility before activation.
2013-01-01,2012-12-01,NA,https://www.opec.org/assets/assetdb/momr-january-2013.pdf,official_candidate,NA,NA,candidate,Generated from OPEC MOMR archive URL convention; verify parser compatibility before activation.
2012-12-01,2012-11-01,NA,https://www.opec.org/assets/assetdb/momr-december-2012.pdf,official_candidate,NA,NA,candidate,Generated from OPEC MOMR archive URL convention; verify parser compatibility before activation.
2012-11-01,2012-10-01,NA,https://www.opec.org/assets/assetdb/momr-november-2012.pdf,official_candidate,NA,NA,candidate,Generated from OPEC MOMR archive URL convention; verify parser compatibility before activation.
2012-10-01,2012-09-01,NA,https://www.opec.org/assets/assetdb/momr-october-2012.pdf,official_candidate,NA,NA,candidate,Generated from OPEC MOMR archive URL convention; verify parser compatibility before activation.
2012-09-01,2012-08-01,NA,https://www.opec.org/assets/assetdb/momr-september-2012.pdf,official_candidate,NA,NA,candidate,Generated from OPEC MOMR archive URL convention; verify parser compatibility before activation.
2012-08-01,2012-07-01,NA,https://www.opec.org/assets/assetdb/momr-august-2012.pdf,official_candidate,NA,NA,candidate,Generated from OPEC MOMR archive URL convention; verify parser compatibility before activation.
2012-07-01,2012-06-01,NA,https://www.opec.org/assets/assetdb/momr-july-2012.pdf,official_candidate,NA,NA,candidate,Generated from OPEC MOMR archive URL convention; verify parser compatibility before activation.
2012-06-01,2012-05-01,NA,https://www.opec.org/assets/assetdb/momr-june-2012.pdf,official_candidate,NA,NA,candidate,Generated from OPEC MOMR archive URL convention; verify parser compatibility before activation.
2012-05-01,2012-04-01,NA,https://www.opec.org/assets/assetdb/momr-may-2012.pdf,official_candidate,NA,NA,candidate,Generated from OPEC MOMR archive URL convention; verify parser compatibility before activation.
2012-04-01,2012-03-01,NA,https://www.opec.org/assets/assetdb/momr-april-2012.pdf,official_candidate,NA,NA,candidate,Generated from OPEC MOMR archive URL convention; verify parser compatibility before activation.
2012-03-01,2012-02-01,NA,https://www.opec.org/assets/assetdb/momr-march-2012.pdf,official_candidate,NA,NA,candidate,Generated from OPEC MOMR archive URL convention; verify parser compatibility before activation.
2012-02-01,2012-01-01,NA,https://www.opec.org/assets/assetdb/momr-february-2012.pdf,official_candidate,NA,NA,candidate,Generated from OPEC MOMR archive URL convention; verify parser compatibility before activation.
2012-01-01,2011-12-01,NA,https://www.opec.org/assets/assetdb/momr-january-2012.pdf,official_candidate,NA,NA,candidate,Generated from OPEC MOMR archive URL convention; verify parser compatibility before activation.
2011-12-01,2011-11-01,NA,https://www.opec.org/assets/assetdb/momr-december-2011.pdf,official_candidate,NA,NA,candidate,Generated from OPEC MOMR archive URL convention; verify parser compatibility before activation.
2011-11-01,2011-10-01,NA,https://www.opec.org/assets/assetdb/momr-november-2011.pdf,official_candidate,NA,NA,candidate,Generated from OPEC MOMR archive URL convention; verify parser compatibility before activation.
2011-10-01,2011-09-01,NA,https://www.opec.org/assets/assetdb/momr-october-2011.pdf,official_candidate,NA,NA,candidate,Generated from OPEC MOMR archive URL convention; verify parser compatibility before activation.
2011-09-01,2011-08-01,NA,https://www.opec.org/assets/assetdb/momr-september-2011.pdf,official_candidate,NA,NA,candidate,Generated from OPEC MOMR archive URL convention; verify parser compatibility before activation.
2011-08-01,2011-07-01,NA,https://www.opec.org/assets/assetdb/momr-august-2011.pdf,official_candidate,NA,NA,candidate,Generated from OPEC MOMR archive URL convention; verify parser compatibility before activation.
2011-07-01,2011-06-01,NA,https://www.opec.org/assets/assetdb/momr-july-2011.pdf,official_candidate,NA,NA,candidate,Generated from OPEC MOMR archive URL convention; verify parser compatibility before activation.
2011-06-01,2011-05-01,NA,https://www.opec.org/assets/assetdb/momr-june-2011.pdf,official_candidate,NA,NA,candidate,Generated from OPEC MOMR archive URL convention; verify parser compatibility before activation.
2011-05-01,2011-04-01,NA,https://www.opec.org/assets/assetdb/momr-may-2011.pdf,official_candidate,NA,NA,candidate,Generated from OPEC MOMR archive URL convention; verify parser compatibility before activation.
2011-04-01,2011-03-01,NA,https://www.opec.org/assets/assetdb/momr-april-2011.pdf,official_candidate,NA,NA,candidate,Generated from OPEC MOMR archive URL convention; verify parser compatibility before activation.
2011-03-01,2011-02-01,NA,https://www.opec.org/assets/assetdb/momr-march-2011.pdf,official_candidate,NA,NA,candidate,Generated from OPEC MOMR archive URL convention; verify parser compatibility before activation.
2011-02-01,2011-01-01,NA,https://www.opec.org/assets/assetdb/momr-february-2011.pdf,official_candidate,NA,NA,candidate,Generated from OPEC MOMR archive URL convention; verify parser compatibility before activation.
2011-01-01,2010-12-01,NA,https://www.opec.org/assets/assetdb/momr-january-2011.pdf,official_candidate,NA,NA,candidate,Generated from OPEC MOMR archive URL convention; verify parser compatibility before activation.
2010-12-01,2010-11-01,NA,https://www.opec.org/assets/assetdb/momr-december-2010.pdf,official_candidate,NA,NA,candidate,Generated from OPEC MOMR archive URL convention; verify parser compatibility before activation.
2010-11-01,2010-10-01,NA,https://www.opec.org/assets/assetdb/momr-november-2010.pdf,official_candidate,NA,NA,candidate,Generated from OPEC MOMR archive URL convention; verify parser compatibility before activation.
2010-10-01,2010-09-01,NA,https://www.opec.org/assets/assetdb/momr-october-2010.pdf,official_candidate,NA,NA,candidate,Generated from OPEC MOMR archive URL convention; verify parser compatibility before activation.
2010-09-01,2010-08-01,NA,https://www.opec.org/assets/assetdb/momr-september-2010.pdf,official_candidate,NA,NA,candidate,Generated from OPEC MOMR archive URL convention; verify parser compatibility before activation.
2010-08-01,2010-07-01,NA,https://www.opec.org/assets/assetdb/momr-august-2010.pdf,official_candidate,NA,NA,candidate,Generated from OPEC MOMR archive URL convention; verify parser compatibility before activation.
2010-07-01,2010-06-01,NA,https://www.opec.org/assets/assetdb/momr-july-2010.pdf,official_candidate,NA,NA,candidate,Generated from OPEC MOMR archive URL convention; verify parser compatibility before activation.
2010-06-01,2010-05-01,NA,https://www.opec.org/assets/assetdb/momr-june-2010.pdf,official_candidate,NA,NA,candidate,Generated from OPEC MOMR archive URL convention; verify parser compatibility before activation.
2010-05-01,2010-04-01,NA,https://www.opec.org/assets/assetdb/momr-may-2010.pdf,official_candidate,NA,NA,candidate,Generated from OPEC MOMR archive URL convention; verify parser compatibility before activation.
2010-04-01,2010-03-01,NA,https://www.opec.org/assets/assetdb/momr-april-2010.pdf,official_candidate,NA,NA,candidate,Generated from OPEC MOMR archive URL convention; verify parser compatibility before activation.
2010-03-01,2010-02-01,NA,https://www.opec.org/assets/assetdb/momr-march-2010.pdf,official_candidate,NA,NA,candidate,Generated from OPEC MOMR archive URL convention; verify parser compatibility before activation.
2010-02-01,2010-01-01,NA,https://www.opec.org/assets/assetdb/momr-february-2010.pdf,official_candidate,NA,NA,candidate,Generated from OPEC MOMR archive URL convention; verify parser compatibility before activation.
2010-01-01,2009-12-01,NA,https://www.opec.org/assets/assetdb/momr-january-2010.pdf,official_candidate,NA,NA,candidate,Generated from OPEC MOMR archive URL convention; verify parser compatibility before activation.
2009-12-01,2009-11-01,NA,https://www.opec.org/assets/assetdb/momr-december-2009.pdf,official_candidate,NA,NA,candidate,Generated from OPEC MOMR archive URL convention; verify parser compatibility before activation.
2009-11-01,2009-10-01,NA,https://www.opec.org/assets/assetdb/momr-november-2009.pdf,official_candidate,NA,NA,candidate,Generated from OPEC MOMR archive URL convention; verify parser compatibility before activation.
2009-10-01,2009-09-01,NA,https://www.opec.org/assets/assetdb/momr-october-2009.pdf,official_candidate,NA,NA,candidate,Generated from OPEC MOMR archive URL convention; verify parser compatibility before activation.
2009-09-01,2009-08-01,NA,https://www.opec.org/assets/assetdb/momr-september-2009.pdf,official_candidate,NA,NA,candidate,Generated from OPEC MOMR archive URL convention; verify parser compatibility before activation.
2009-08-01,2009-07-01,NA,https://www.opec.org/assets/assetdb/momr-august-2009.pdf,official_candidate,NA,NA,candidate,Generated from OPEC MOMR archive URL convention; verify parser compatibility before activation.
2009-07-01,2009-06-01,NA,https://www.opec.org/assets/assetdb/momr-july-2009.pdf,official_candidate,NA,NA,candidate,Generated from OPEC MOMR archive URL convention; verify parser compatibility before activation.
2009-06-01,2009-05-01,NA,https://www.opec.org/assets/assetdb/momr-june-2009.pdf,official_candidate,NA,NA,candidate,Generated from OPEC MOMR archive URL convention; verify parser compatibility before activation.
2009-05-01,2009-04-01,NA,https://www.opec.org/assets/assetdb/momr-may-2009.pdf,official_candidate,NA,NA,candidate,Generated from OPEC MOMR archive URL convention; verify parser compatibility before activation.
2009-04-01,2009-03-01,NA,https://www.opec.org/assets/assetdb/momr-april-2009.pdf,official_candidate,NA,NA,candidate,Generated from OPEC MOMR archive URL convention; verify parser compatibility before activation.
2009-03-01,2009-02-01,NA,https://www.opec.org/assets/assetdb/momr-march-2009.pdf,official_candidate,NA,NA,candidate,Generated from OPEC MOMR archive URL convention; verify parser compatibility before activation.
2009-02-01,2009-01-01,NA,https://www.opec.org/assets/assetdb/momr-february-2009.pdf,official_candidate,NA,NA,candidate,Generated from OPEC MOMR archive URL convention; verify parser compatibility before activation.
2009-01-01,2008-12-01,NA,https://www.opec.org/assets/assetdb/momr-january-2009.pdf,official_candidate,NA,NA,candidate,Generated from OPEC MOMR archive URL convention; verify parser compatibility before activation.
2008-12-01,2008-11-01,NA,https://www.opec.org/assets/assetdb/momr-december-2008.pdf,official_candidate,NA,NA,candidate,Generated from OPEC MOMR archive URL convention; verify parser compatibility before activation.
2008-11-01,2008-10-01,NA,https://www.opec.org/assets/assetdb/momr-november-2008.pdf,official_candidate,NA,NA,candidate,Generated from OPEC MOMR archive URL convention; verify parser compatibility before activation.
2008-10-01,2008-09-01,NA,https://www.opec.org/assets/assetdb/momr-october-2008.pdf,official_candidate,NA,NA,candidate,Generated from OPEC MOMR archive URL convention; verify parser compatibility before activation.
2008-09-01,2008-08-01,NA,https://www.opec.org/assets/assetdb/momr-september-2008.pdf,official_candidate,NA,NA,candidate,Generated from OPEC MOMR archive URL convention; verify parser compatibility before activation.
2008-08-01,2008-07-01,NA,https://www.opec.org/assets/assetdb/momr-august-2008.pdf,official_candidate,NA,NA,candidate,Generated from OPEC MOMR archive URL convention; verify parser compatibility before activation.
2008-07-01,2008-06-01,NA,https://www.opec.org/assets/assetdb/momr-july-2008.pdf,official_candidate,NA,NA,candidate,Generated from OPEC MOMR archive URL convention; verify parser compatibility before activation.
2008-06-01,2008-05-01,NA,https://www.opec.org/assets/assetdb/momr-june-2008.pdf,official_candidate,NA,NA,candidate,Generated from OPEC MOMR archive URL convention; verify parser compatibility before activation.
2008-05-01,2008-04-01,NA,https://www.opec.org/assets/assetdb/momr-may-2008.pdf,official_candidate,NA,NA,candidate,Generated from OPEC MOMR archive URL convention; verify parser compatibility before activation.
2008-04-01,2008-03-01,NA,https://www.opec.org/assets/assetdb/momr-april-2008.pdf,official_candidate,NA,NA,candidate,Generated from OPEC MOMR archive URL convention; verify parser compatibility before activation.
2008-03-01,2008-02-01,NA,https://www.opec.org/assets/assetdb/momr-march-2008.pdf,official_candidate,NA,NA,candidate,Generated from OPEC MOMR archive URL convention; verify parser compatibility before activation.
2008-02-01,2008-01-01,NA,https://www.opec.org/assets/assetdb/momr-february-2008.pdf,official_candidate,NA,NA,candidate,Generated from OPEC MOMR archive URL convention; verify parser compatibility before activation.
2008-01-01,2007-12-01,NA,https://www.opec.org/assets/assetdb/momr-january-2008.pdf,official_candidate,NA,NA,candidate,Generated from OPEC MOMR archive URL convention; verify parser compatibility before activation.
2007-12-01,2007-11-01,NA,https://www.opec.org/assets/assetdb/momr-december-2007.pdf,official_candidate,NA,NA,candidate,Generated from OPEC MOMR archive URL convention; verify parser compatibility before activation.
2007-11-01,2007-10-01,NA,https://www.opec.org/assets/assetdb/momr-november-2007.pdf,official_candidate,NA,NA,candidate,Generated from OPEC MOMR archive URL convention; verify parser compatibility before activation.
2007-10-01,2007-09-01,NA,https://www.opec.org/assets/assetdb/momr-october-2007.pdf,official_candidate,NA,NA,candidate,Generated from OPEC MOMR archive URL convention; verify parser compatibility before activation.
2007-09-01,2007-08-01,NA,https://www.opec.org/assets/assetdb/momr-september-2007.pdf,official_candidate,NA,NA,candidate,Generated from OPEC MOMR archive URL convention; verify parser compatibility before activation.
2007-08-01,2007-07-01,NA,https://www.opec.org/assets/assetdb/momr-august-2007.pdf,official_candidate,NA,NA,candidate,Generated from OPEC MOMR archive URL convention; verify parser compatibility before activation.
2007-07-01,2007-06-01,NA,https://www.opec.org/assets/assetdb/momr-july-2007.pdf,official_candidate,NA,NA,candidate,Generated from OPEC MOMR archive URL convention; verify parser compatibility before activation.
2007-06-01,2007-05-01,NA,https://www.opec.org/assets/assetdb/momr-june-2007.pdf,official_candidate,NA,NA,candidate,Generated from OPEC MOMR archive URL convention; verify parser compatibility before activation.
2007-05-01,2007-04-01,NA,https://www.opec.org/assets/assetdb/momr-may-2007.pdf,official_candidate,NA,NA,candidate,Generated from OPEC MOMR archive URL convention; verify parser compatibility before activation.
2007-04-01,2007-03-01,NA,https://www.opec.org/assets/assetdb/momr-april-2007.pdf,official_candidate,NA,NA,candidate,Generated from OPEC MOMR archive URL convention; verify parser compatibility before activation.
2007-03-01,2007-02-01,NA,https://www.opec.org/assets/assetdb/momr-march-2007.pdf,official_candidate,NA,NA,candidate,Generated from OPEC MOMR archive URL convention; verify parser compatibility before activation.
2007-02-01,2007-01-01,NA,https://www.opec.org/assets/assetdb/momr-february-2007.pdf,official_candidate,NA,NA,candidate,Generated from OPEC MOMR archive URL convention; verify parser compatibility before activation.
2007-01-01,2006-12-01,NA,https://www.opec.org/assets/assetdb/momr-january-2007.pdf,official_candidate,NA,NA,candidate,Generated from OPEC MOMR archive URL convention; verify parser compatibility before activation.
2006-12-01,2006-11-01,NA,https://www.opec.org/assets/assetdb/momr-december-2006.pdf,official_candidate,NA,NA,candidate,Generated from OPEC MOMR archive URL convention; verify parser compatibility before activation.
2006-11-01,2006-10-01,NA,https://www.opec.org/assets/assetdb/momr-november-2006.pdf,official_candidate,NA,NA,candidate,Generated from OPEC MOMR archive URL convention; verify parser compatibility before activation.
2006-10-01,2006-09-01,NA,https://www.opec.org/assets/assetdb/momr-october-2006.pdf,official_candidate,NA,NA,candidate,Generated from OPEC MOMR archive URL convention; verify parser compatibility before activation.
2006-09-01,2006-08-01,NA,https://www.opec.org/assets/assetdb/momr-september-2006.pdf,official_candidate,NA,NA,candidate,Generated from OPEC MOMR archive URL convention; verify parser compatibility before activation.
2006-08-01,2006-07-01,NA,https://www.opec.org/assets/assetdb/momr-august-2006.pdf,official_candidate,NA,NA,candidate,Generated from OPEC MOMR archive URL convention; verify parser compatibility before activation.
2006-07-01,2006-06-01,NA,https://www.opec.org/assets/assetdb/momr-july-2006.pdf,official_candidate,NA,NA,candidate,Generated from OPEC MOMR archive URL convention; verify parser compatibility before activation.
2006-06-01,2006-05-01,NA,https://www.opec.org/assets/assetdb/momr-june-2006.pdf,official_candidate,NA,NA,candidate,Generated from OPEC MOMR archive URL convention; verify parser compatibility before activation.
2006-05-01,2006-04-01,NA,https://www.opec.org/assets/assetdb/momr-may-2006.pdf,official_candidate,NA,NA,candidate,Generated from OPEC MOMR archive URL convention; verify parser compatibility before activation.
2006-04-01,2006-03-01,NA,https://www.opec.org/assets/assetdb/momr-april-2006.pdf,official_candidate,NA,NA,candidate,Generated from OPEC MOMR archive URL convention; verify parser compatibility before activation.
2006-03-01,2006-02-01,NA,https://www.opec.org/assets/assetdb/momr-march-2006.pdf,official_candidate,NA,NA,candidate,Generated from OPEC MOMR archive URL convention; verify parser compatibility before activation.
2006-02-01,2006-01-01,NA,https://www.opec.org/assets/assetdb/momr-february-2006.pdf,official_candidate,NA,NA,candidate,Generated from OPEC MOMR archive URL convention; verify parser compatibility before activation.
2006-01-01,2005-12-01,NA,https://www.opec.org/assets/assetdb/momr-january-2006.pdf,official_candidate,NA,NA,candidate,Generated from OPEC MOMR archive URL convention; verify parser compatibility before activation.
2005-12-01,2005-11-01,NA,https://www.opec.org/assets/assetdb/momr-december-2005.pdf,official_candidate,NA,NA,candidate,Generated from OPEC MOMR archive URL convention; verify parser compatibility before activation.
2005-11-01,2005-10-01,NA,https://www.opec.org/assets/assetdb/momr-november-2005.pdf,official_candidate,NA,NA,candidate,Generated from OPEC MOMR archive URL convention; verify parser compatibility before activation.
2005-10-01,2005-09-01,NA,https://www.opec.org/assets/assetdb/momr-october-2005.pdf,official_candidate,NA,NA,candidate,Generated from OPEC MOMR archive URL convention; verify parser compatibility before activation.
2005-09-01,2005-08-01,NA,https://www.opec.org/assets/assetdb/momr-september-2005.pdf,official_candidate,NA,NA,candidate,Generated from OPEC MOMR archive URL convention; verify parser compatibility before activation.
2005-08-01,2005-07-01,NA,https://www.opec.org/assets/assetdb/momr-august-2005.pdf,official_candidate,NA,NA,candidate,Generated from OPEC MOMR archive URL convention; verify parser compatibility before activation.
2005-07-01,2005-06-01,NA,https://www.opec.org/assets/assetdb/momr-july-2005.pdf,official_candidate,NA,NA,candidate,Generated from OPEC MOMR archive URL convention; verify parser compatibility before activation.
2005-06-01,2005-05-01,NA,https://www.opec.org/assets/assetdb/momr-june-2005.pdf,official_candidate,NA,NA,candidate,Generated from OPEC MOMR archive URL convention; verify parser compatibility before activation.
2005-05-01,2005-04-01,NA,https://www.opec.org/assets/assetdb/momr-may-2005.pdf,official_candidate,NA,NA,candidate,Generated from OPEC MOMR archive URL convention; verify parser compatibility before activation.
2005-04-01,2005-03-01,NA,https://www.opec.org/assets/assetdb/momr-april-2005.pdf,official_candidate,NA,NA,candidate,Generated from OPEC MOMR archive URL convention; verify parser compatibility before activation.
2005-03-01,2005-02-01,NA,https://www.opec.org/assets/assetdb/momr-march-2005.pdf,official_candidate,NA,NA,candidate,Generated from OPEC MOMR archive URL convention; verify parser compatibility before activation.
2005-02-01,2005-01-01,NA,https://www.opec.org/assets/assetdb/momr-february-2005.pdf,official_candidate,NA,NA,candidate,Generated from OPEC MOMR archive URL convention; verify parser compatibility before activation.
2005-01-01,2004-12-01,NA,https://www.opec.org/assets/assetdb/momr-january-2005.pdf,official_candidate,NA,NA,candidate,Generated from OPEC MOMR archive URL convention; verify parser compatibility before activation.
2004-12-01,2004-11-01,NA,https://www.opec.org/assets/assetdb/momr-december-2004.pdf,official_candidate,NA,NA,candidate,Generated from OPEC MOMR archive URL convention; verify parser compatibility before activation.
2004-11-01,2004-10-01,NA,https://www.opec.org/assets/assetdb/momr-november-2004.pdf,official_candidate,NA,NA,candidate,Generated from OPEC MOMR archive URL convention; verify parser compatibility before activation.
2004-10-01,2004-09-01,NA,https://www.opec.org/assets/assetdb/momr-october-2004.pdf,official_candidate,NA,NA,candidate,Generated from OPEC MOMR archive URL convention; verify parser compatibility before activation.
2004-09-01,2004-08-01,NA,https://www.opec.org/assets/assetdb/momr-september-2004.pdf,official_candidate,NA,NA,candidate,Generated from OPEC MOMR archive URL convention; verify parser compatibility before activation.
2004-08-01,2004-07-01,NA,https://www.opec.org/assets/assetdb/momr-august-2004.pdf,official_candidate,NA,NA,candidate,Generated from OPEC MOMR archive URL convention; verify parser compatibility before activation.
2004-07-01,2004-06-01,NA,https://www.opec.org/assets/assetdb/momr-july-2004.pdf,official_candidate,NA,NA,candidate,Generated from OPEC MOMR archive URL convention; verify parser compatibility before activation.
2004-06-01,2004-05-01,NA,https://www.opec.org/assets/assetdb/momr-june-2004.pdf,official_candidate,NA,NA,candidate,Generated from OPEC MOMR archive URL convention; verify parser compatibility before activation.
2004-05-01,2004-04-01,NA,https://www.opec.org/assets/assetdb/momr-may-2004.pdf,official_candidate,NA,NA,candidate,Generated from OPEC MOMR archive URL convention; verify parser compatibility before activation.
2004-04-01,2004-03-01,NA,https://www.opec.org/assets/assetdb/momr-april-2004.pdf,official_candidate,NA,NA,candidate,Generated from OPEC MOMR archive URL convention; verify parser compatibility before activation.
2004-03-01,2004-02-01,NA,https://www.opec.org/assets/assetdb/momr-march-2004.pdf,official_candidate,NA,NA,candidate,Generated from OPEC MOMR archive URL convention; verify parser compatibility before activation.
2004-02-01,2004-01-01,NA,https://www.opec.org/assets/assetdb/momr-february-2004.pdf,official_candidate,NA,NA,candidate,Generated from OPEC MOMR archive URL convention; verify parser compatibility before activation.
2004-01-01,2003-12-01,NA,https://www.opec.org/assets/assetdb/momr-january-2004.pdf,official_candidate,NA,NA,candidate,Generated from OPEC MOMR archive URL convention; verify parser compatibility before activation.
2003-12-01,2003-11-01,NA,https://www.opec.org/assets/assetdb/momr-december-2003.pdf,official_candidate,NA,NA,candidate,Generated from OPEC MOMR archive URL convention; verify parser compatibility before activation.
2003-11-01,2003-10-01,NA,https://www.opec.org/assets/assetdb/momr-november-2003.pdf,official_candidate,NA,NA,candidate,Generated from OPEC MOMR archive URL convention; verify parser compatibility before activation.
2003-10-01,2003-09-01,NA,https://www.opec.org/assets/assetdb/momr-october-2003.pdf,official_candidate,NA,NA,candidate,Generated from OPEC MOMR archive URL convention; verify parser compatibility before activation.
2003-09-01,2003-08-01,NA,https://www.opec.org/assets/assetdb/momr-september-2003.pdf,official_candidate,NA,NA,candidate,Generated from OPEC MOMR archive URL convention; verify parser compatibility before activation.
2003-08-01,2003-07-01,NA,https://www.opec.org/assets/assetdb/momr-august-2003.pdf,official_candidate,NA,NA,candidate,Generated from OPEC MOMR archive URL convention; verify parser compatibility before activation.
2003-07-01,2003-06-01,NA,https://www.opec.org/assets/assetdb/momr-july-2003.pdf,official_candidate,NA,NA,candidate,Generated from OPEC MOMR archive URL convention; verify parser compatibility before activation.
2003-06-01,2003-05-01,NA,https://www.opec.org/assets/assetdb/momr-june-2003.pdf,official_candidate,NA,NA,candidate,Generated from OPEC MOMR archive URL convention; verify parser compatibility before activation.
2003-05-01,2003-04-01,NA,https://www.opec.org/assets/assetdb/momr-may-2003.pdf,official_candidate,NA,NA,candidate,Generated from OPEC MOMR archive URL convention; verify parser compatibility before activation.
2003-04-01,2003-03-01,NA,https://www.opec.org/assets/assetdb/momr-april-2003.pdf,official_candidate,NA,NA,candidate,Generated from OPEC MOMR archive URL convention; verify parser compatibility before activation.
2003-03-01,2003-02-01,NA,https://www.opec.org/assets/assetdb/momr-march-2003.pdf,official_candidate,NA,NA,candidate,Generated from OPEC MOMR archive URL convention; verify parser compatibility before activation.
2003-02-01,2003-01-01,NA,https://www.opec.org/assets/assetdb/momr-february-2003.pdf,official_candidate,NA,NA,candidate,Generated from OPEC MOMR archive URL convention; verify parser compatibility before activation.
2003-01-01,2002-12-01,NA,https://www.opec.org/assets/assetdb/momr-january-2003.pdf,official_candidate,NA,NA,candidate,Generated from OPEC MOMR archive URL convention; verify parser compatibility before activation.
2002-12-01,2002-11-01,NA,https://www.opec.org/assets/assetdb/momr-december-2002.pdf,official_candidate,NA,NA,candidate,Generated from OPEC MOMR archive URL convention; verify parser compatibility before activation.
2002-11-01,2002-10-01,NA,https://www.opec.org/assets/assetdb/momr-november-2002.pdf,official_candidate,NA,NA,candidate,Generated from OPEC MOMR archive URL convention; verify parser compatibility before activation.
2002-10-01,2002-09-01,NA,https://www.opec.org/assets/assetdb/momr-october-2002.pdf,official_candidate,NA,NA,candidate,Generated from OPEC MOMR archive URL convention; verify parser compatibility before activation.
2002-09-01,2002-08-01,NA,https://www.opec.org/assets/assetdb/momr-september-2002.pdf,official_candidate,NA,NA,candidate,Generated from OPEC MOMR archive URL convention; verify parser compatibility before activation.
2002-08-01,2002-07-01,NA,https://www.opec.org/assets/assetdb/momr-august-2002.pdf,official_candidate,NA,NA,candidate,Generated from OPEC MOMR archive URL convention; verify parser compatibility before activation.
2002-07-01,2002-06-01,NA,https://www.opec.org/assets/assetdb/momr-july-2002.pdf,official_candidate,NA,NA,candidate,Generated from OPEC MOMR archive URL convention; verify parser compatibility before activation.
2002-06-01,2002-05-01,NA,https://www.opec.org/assets/assetdb/momr-june-2002.pdf,official_candidate,NA,NA,candidate,Generated from OPEC MOMR archive URL convention; verify parser compatibility before activation.
2002-05-01,2002-04-01,NA,https://www.opec.org/assets/assetdb/momr-may-2002.pdf,official_candidate,NA,NA,candidate,Generated from OPEC MOMR archive URL convention; verify parser compatibility before activation.
2002-04-01,2002-03-01,NA,https://www.opec.org/assets/assetdb/momr-april-2002.pdf,official_candidate,NA,NA,candidate,Generated from OPEC MOMR archive URL convention; verify parser compatibility before activation.
2002-03-01,2002-02-01,NA,https://www.opec.org/assets/assetdb/momr-march-2002.pdf,official_candidate,NA,NA,candidate,Generated from OPEC MOMR archive URL convention; verify parser compatibility before activation.
2002-02-01,2002-01-01,NA,https://www.opec.org/assets/assetdb/momr-february-2002.pdf,official_candidate,NA,NA,candidate,Generated from OPEC MOMR archive URL convention; verify parser compatibility before activation.
2002-01-01,2001-12-01,NA,https://www.opec.org/assets/assetdb/momr-january-2002.pdf,official_candidate,NA,NA,candidate,Generated from OPEC MOMR archive URL convention; verify parser compatibility before activation.
2001-12-01,2001-11-01,NA,https://www.opec.org/assets/assetdb/momr-december-2001.pdf,official_candidate,NA,NA,candidate,Generated from OPEC MOMR archive URL convention; verify parser compatibility before activation.
2001-11-01,2001-10-01,NA,https://www.opec.org/assets/assetdb/momr-november-2001.pdf,official_candidate,NA,NA,candidate,Generated from OPEC MOMR archive URL convention; verify parser compatibility before activation.
2001-10-01,2001-09-01,NA,https://www.opec.org/assets/assetdb/momr-october-2001.pdf,official_candidate,NA,NA,candidate,Generated from OPEC MOMR archive URL convention; verify parser compatibility before activation.
2001-09-01,2001-08-01,NA,https://www.opec.org/assets/assetdb/momr-september-2001.pdf,official_candidate,NA,NA,candidate,Generated from OPEC MOMR archive URL convention; verify parser compatibility before activation.
2001-08-01,2001-07-01,NA,https://www.opec.org/assets/assetdb/momr-august-2001.pdf,official_candidate,NA,NA,candidate,Generated from OPEC MOMR archive URL convention; verify parser compatibility before activation.
2001-07-01,2001-06-01,NA,https://www.opec.org/assets/assetdb/momr-july-2001.pdf,official_candidate,NA,NA,candidate,Generated from OPEC MOMR archive URL convention; verify parser compatibility before activation.
2001-06-01,2001-05-01,NA,https://www.opec.org/assets/assetdb/momr-june-2001.pdf,official_candidate,NA,NA,candidate,Generated from OPEC MOMR archive URL convention; verify parser compatibility before activation.
2001-05-01,2001-04-01,NA,https://www.opec.org/assets/assetdb/momr-may-2001.pdf,official_candidate,NA,NA,candidate,Generated from OPEC MOMR archive URL convention; verify parser compatibility before activation.
2001-04-01,2001-03-01,NA,https://www.opec.org/assets/assetdb/momr-april-2001.pdf,official_candidate,NA,NA,candidate,Generated from OPEC MOMR archive URL convention; verify parser compatibility before activation.
2001-03-01,2001-02-01,NA,https://www.opec.org/assets/assetdb/momr-march-2001.pdf,official_candidate,NA,NA,candidate,Generated from OPEC MOMR archive URL convention; verify parser compatibility before activation.
2001-02-01,2001-01-01,NA,https://www.opec.org/assets/assetdb/momr-february-2001.pdf,official_candidate,NA,NA,candidate,Generated from OPEC MOMR archive URL convention; verify parser compatibility before activation.
2001-01-01,2000-12-01,NA,https://www.opec.org/assets/assetdb/momr-january-2001.pdf,official_candidate,NA,NA,candidate,Generated from OPEC MOMR archive URL convention; verify parser compatibility before activation.
